SET SEARCH_PATH TO "garage-testing";
INSERT INTO role (
                name,
                can_create,
                can_assign_others,
                is_mechanic
        )
VALUES ('Director', TRUE, TRUE, FALSE),
        ('Manager', TRUE, TRUE, TRUE),
        ('Mechanic', FALSE, FALSE, TRUE),
        ('Secretary', TRUE, FALSE, FALSE),
        ('Janitor', FALSE, FALSE, FALSE);
INSERT INTO specialization (name, hourly_rate)
VALUES ('General', 30.5),
        ('BodyMechanic', 35.5),
        ('Mechatronics', 42.9);
INSERT INTO person (fname, lname, phone_code, phone_no)
VALUES ('René', 'Rentsh', '+41', '244303309'),
        ('Amir', 'Mouti', '+41', '765594551'),
        ('Yanis', 'Ouadahi', '+41', '789147182'),
        ('Marc', 'Dikötter', '+41', '786994512'),
        ('Alain', 'Berset', '+41', '796554545'),
        ('Viola', 'Amherd', '+41', '764545544'),
        ('Guy', 'Parmelin', '+41', '797773211'),
        ('Ignazio', 'Cassis', '+41', '774452211'),
        ('Karin', 'Keller-Sutter', '+41', '796664258'),
        ('Albert', 'Rösti', '+41', '785632012'),
        (
                'Cédric',
                'Campos Carvalho',
                '+41',
                '784207523'
        ),
        ('André', 'Costa', '+41', '786308274');
-- Insert non-mechanic employees
INSERT INTO employee (id, role_id)
VALUES (1, 5),
        (10, 1),
        (9, 4);
-- Insert mechanics
INSERT INTO employee (id, role_id, specialization_id)
VALUES (5, 3, 2),
        (6, 3, 3),
        (2, 2, 1),
        (3, 2, 1),
        (7, 3, 2),
        (8, 3, 1),
        (11, 3, 3);
INSERT INTO service_state (id, title, description)
VALUES (
                0,
                'Service Created',
                'Service has been created.'
        ),
        (
                1,
                'Car Arrived',
                'Car has arrived and is waiting for a mechanic.'
        ),
        (
                2,
                'Car Processing',
                'Service is being carried out by a mechanic.'
        ),
        (3, 'Car Done', 'Car is ready to be picked up.'),
        (4, 'Car Left', 'Car has been picked up.');
INSERT INTO client (id, email, street, street_no, npa, country)
VALUES (
                2,
                'amir.mouti@heig-vd.ch',
                'Route de Bois',
                14,
                1200,
                'Switzerland'
        ),
        (
                3,
                'yanis.ouadahi@heig-vd.ch',
                'Rue des Parcs',
                232,
                1002,
                'Switzerland'
        ),
        (
                12,
                'andremig.serzedel@heig-vd.ch',
                'Route de Cheseaux',
                4,
                1400,
                'Switzerland'
        ),
        (
                4,
                'marc.dikotter@heig-vd.ch',
                'Rue Fleury',
                66,
                2000,
                'Switzerland'
        );
INSERT INTO car (
                owner_id,
                chassis_no,
                rec_type,
                brand,
                model,
                color
        )
VALUES (
                2,
                '3VWAX7AJ1AM117565',
                '1M4011',
                'Citroën',
                'C3',
                'red'
        ),
        (
                2,
                'JHMCP26448C012112',
                'BYUNM2',
                'Porsche',
                '911',
                'white'
        ),
        (
                2,
                '3G2JB12F65S215652',
                'O6VU21',
                'Volkswagen',
                'Golf 7R',
                'blue'
        ),
        (
                3,
                'KMHCG45C42U350239',
                'E2R9HK',
                'Subaru',
                'Imprenza',
                'blue'
        ),
        (
                3,
                '2C4RC1BG2ER389011',
                'FBS8US',
                'Nissan',
                'Skyline GTR',
                'blue'
        ),
        (
                12,
                '1HGCM56357A272646',
                'IL9N6F',
                'Audi',
                'A5',
                'grey'
        ),
        (
                12,
                '1G1AP14P267632956',
                'KYHSR9',
                'Ford',
                'Mondeo',
                'brown'
        ),
        (
                12,
                '2FMZA52296BA19942',
                'RN78WX',
                'Audi',
                'Q3',
                'black'
        ),
        (
                12,
                '2C4RC1CG8FR628979',
                'PD3CNO',
                'Peugeot',
                '308',
                'green'
        ),
        (
                4,
                'YV1MS382652074550',
                '2UY391',
                'Volkswagen',
                'Tiguan',
                'white'
        ),
        (
                4,
                '2C4RC1CG8FR628979',
                'RF7YBL',
                'Nissan',
                'Leaf',
                'white'
        ),
        (
                4,
                'YV1MS382652074550',
                '8L9OGM',
                'Skoda',
                'Fabia',
                'red'
        );
INSERT INTO service (
                mechanic_id,
                client_id,
                car_id,
                hours_worked,
                comments,
                has_pictures,
                state_id,
                date_created,
                date_car_arrival,
                date_car_processing,
                date_car_done,
                date_car_left
        )
VALUES (
                6,
                4,
                10,
                61,
                'RAS',
                false,
                4,
                '2023-06-01T08:19:15Z',
                '2023-06-01T08:46:26Z',
                '2023-06-01T12:01:03Z',
                '2023-06-04T01:01:03+00:00',
                '2023-06-05T01:01:03+00:00'
        ),
        (
                3,
                12,
                9,
                10,
                'RAS',
                false,
                4,
                '2023-06-01T13:26:40Z',
                '2023-06-01T13:44:19Z',
                '2023-06-01T14:52:15Z',
                '2023-06-02T00:52:15+00:00',
                '2023-06-03T00:52:15+00:00'
        ),
        (
                3,
                4,
                12,
                44,
                'RAS',
                false,
                4,
                '2023-06-01T15:27:01Z',
                '2023-06-02T08:14:05Z',
                '2023-06-02T09:01:11Z',
                '2023-06-04T05:01:11+00:00',
                '2023-06-05T05:01:11+00:00'
        ),
        (
                7,
                4,
                11,
                33,
                'RAS',
                false,
                4,
                '2023-06-02T11:33:46Z',
                '2023-06-02T12:07:50Z',
                '2023-06-02T12:29:28Z',
                '2023-06-03T21:29:28+00:00',
                '2023-06-04T21:29:28+00:00'
        ),
        (
                8,
                12,
                8,
                26,
                'RAS',
                false,
                4,
                '2023-06-02T16:41:47Z',
                '2023-06-02T16:47:28Z',
                '2023-06-02T16:47:35Z',
                '2023-06-03T18:47:35+00:00',
                '2023-06-04T18:47:35+00:00'
        ),
        (
                2,
                2,
                1,
                41,
                'RAS',
                false,
                4,
                '2023-06-02T18:18:48Z',
                '2023-06-02T18:29:53Z',
                '2023-06-02T18:49:04Z',
                '2023-06-05T08:14:40Z',
                '2023-06-05T09:05:12Z'
        ),
        (
                8,
                12,
                8,
                37,
                'RAS',
                false,
                4,
                '2023-06-05T09:50:54Z',
                '2023-06-05T09:52:02Z',
                '2023-06-05T10:30:41Z',
                '2023-06-06T23:30:41+00:00',
                '2023-06-07T23:30:41+00:00'
        ),
        (
                8,
                12,
                6,
                11,
                'RAS',
                false,
                4,
                '2023-06-05T15:24:27Z',
                '2023-06-05T15:31:45Z',
                '2023-06-05T15:39:17Z',
                '2023-06-06T02:39:17+00:00',
                '2023-06-07T02:39:17+00:00'
        ),
        (
                7,
                4,
                10,
                79,
                'RAS',
                false,
                4,
                '2023-06-05T16:47:21Z',
                '2023-06-05T16:49:23Z',
                '2023-06-05T17:31:07Z',
                '2023-06-09T00:31:07+00:00',
                '2023-06-10T00:31:07+00:00'
        ),
        (
                5,
                12,
                8,
                78,
                'RAS',
                false,
                4,
                '2023-06-06T11:34:00Z',
                '2023-06-06T12:05:08Z',
                '2023-06-06T12:28:45Z',
                '2023-06-09T18:28:45+00:00',
                '2023-06-10T18:28:45+00:00'
        ),
        (
                8,
                2,
                2,
                67,
                'RAS',
                false,
                4,
                '2023-06-06T17:10:46Z',
                '2023-06-06T17:21:04Z',
                '2023-06-06T17:32:51Z',
                '2023-06-09T12:32:51+00:00',
                '2023-06-10T12:32:51+00:00'
        ),
        (
                8,
                2,
                1,
                4,
                'RAS',
                false,
                4,
                '2023-06-07T08:43:30Z',
                '2023-06-07T08:59:02Z',
                '2023-06-07T09:09:05Z',
                '2023-06-07T13:09:05+00:00',
                '2023-06-08T13:09:05+00:00'
        ),
        (
                2,
                12,
                9,
                74,
                'RAS',
                false,
                4,
                '2023-06-07T11:38:33Z',
                '2023-06-07T11:50:46Z',
                '2023-06-07T12:59:00Z',
                '2023-06-10T14:59:00+00:00',
                '2023-06-11T14:59:00+00:00'
        ),
        (
                3,
                3,
                5,
                62,
                'RAS',
                false,
                4,
                '2023-06-07T14:59:17Z',
                '2023-06-07T15:00:57Z',
                '2023-06-07T15:11:33Z',
                '2023-06-10T05:11:33+00:00',
                '2023-06-11T05:11:33+00:00'
        ),
        (
                6,
                2,
                3,
                57,
                'RAS',
                false,
                4,
                '2023-06-07T16:23:45Z',
                '2023-06-07T16:41:18Z',
                '2023-06-07T18:04:42Z',
                '2023-06-10T03:04:42+00:00',
                '2023-06-11T03:04:42+00:00'
        ),
        (
                11,
                12,
                7,
                54,
                'RAS',
                false,
                4,
                '2023-06-08T10:41:09Z',
                '2023-06-08T12:25:41Z',
                '2023-06-08T13:31:37Z',
                '2023-06-10T19:31:37+00:00',
                '2023-06-11T19:31:37+00:00'
        ),
        (
                7,
                3,
                4,
                43,
                'RAS',
                false,
                4,
                '2023-06-08T16:11:47Z',
                '2023-06-08T16:38:04Z',
                '2023-06-08T17:36:14Z',
                '2023-06-10T12:36:14+00:00',
                '2023-06-11T12:36:14+00:00'
        ),
        (
                3,
                2,
                3,
                54,
                'RAS',
                false,
                4,
                '2023-06-08T18:11:43Z',
                '2023-06-08T18:49:07Z',
                '2023-06-08T18:54:20Z',
                '2023-06-11T00:54:20+00:00',
                '2023-06-12T00:54:20+00:00'
        ),
        (
                3,
                2,
                1,
                76,
                'RAS',
                false,
                4,
                '2023-06-09T09:42:19Z',
                '2023-06-09T09:57:43Z',
                '2023-06-09T11:22:18Z',
                '2023-06-12T15:22:18+00:00',
                '2023-06-13T15:22:18+00:00'
        ),
        (
                7,
                12,
                8,
                61,
                'RAS',
                false,
                4,
                '2023-06-09T14:01:31Z',
                '2023-06-09T14:46:11Z',
                '2023-06-09T15:10:08Z',
                '2023-06-12T04:10:08+00:00',
                '2023-06-13T04:10:08+00:00'
        ),
        (
                3,
                2,
                3,
                63,
                'RAS',
                false,
                4,
                '2023-06-09T16:29:48Z',
                '2023-06-09T16:30:42Z',
                '2023-06-12T08:36:28Z',
                '2023-06-14T23:36:28+00:00',
                '2023-06-15T23:36:28+00:00'
        ),
        (
                11,
                2,
                1,
                12,
                'RAS',
                false,
                4,
                '2023-06-12T10:12:46Z',
                '2023-06-12T11:44:17Z',
                '2023-06-12T11:46:44Z',
                '2023-06-12T23:46:44+00:00',
                '2023-06-13T23:46:44+00:00'
        ),
        (
                6,
                2,
                1,
                63,
                'RAS',
                false,
                4,
                '2023-06-12T14:03:44Z',
                '2023-06-12T14:13:43Z',
                '2023-06-12T14:28:07Z',
                '2023-06-15T05:28:07+00:00',
                '2023-06-16T05:28:07+00:00'
        ),
        (
                11,
                2,
                3,
                75,
                'RAS',
                false,
                4,
                '2023-06-12T14:59:40Z',
                '2023-06-12T15:42:20Z',
                '2023-06-12T16:40:09Z',
                '2023-06-15T19:40:09+00:00',
                '2023-06-16T19:40:09+00:00'
        ),
        (
                6,
                4,
                12,
                40,
                'RAS',
                false,
                4,
                '2023-06-13T08:42:54Z',
                '2023-06-13T08:51:31Z',
                '2023-06-13T10:09:46Z',
                '2023-06-15T02:09:46+00:00',
                '2023-06-16T02:09:46+00:00'
        ),
        (
                6,
                4,
                11,
                59,
                'RAS',
                false,
                4,
                '2023-06-13T13:56:20Z',
                '2023-06-13T16:10:29Z',
                '2023-06-13T16:21:15Z',
                '2023-06-16T03:21:15+00:00',
                '2023-06-17T03:21:15+00:00'
        ),
        (
                2,
                2,
                1,
                53,
                'RAS',
                false,
                4,
                '2023-06-14T09:16:37Z',
                '2023-06-14T09:43:55Z',
                '2023-06-14T11:42:43Z',
                '2023-06-16T16:42:43+00:00',
                '2023-06-17T16:42:43+00:00'
        ),
        (
                2,
                3,
                4,
                21,
                'RAS',
                false,
                4,
                '2023-06-14T13:01:00Z',
                '2023-06-14T13:23:43Z',
                '2023-06-14T15:17:31Z',
                '2023-06-15T12:17:31+00:00',
                '2023-06-16T12:17:31+00:00'
        ),
        (
                5,
                3,
                5,
                34,
                'RAS',
                false,
                4,
                '2023-06-14T17:40:59Z',
                '2023-06-14T18:49:50Z',
                '2023-06-15T08:05:17Z',
                '2023-06-16T18:05:17+00:00',
                '2023-06-17T18:05:17+00:00'
        ),
        (
                2,
                2,
                1,
                4,
                'RAS',
                false,
                4,
                '2023-06-15T10:34:51Z',
                '2023-06-15T11:32:36Z',
                '2023-06-15T13:57:23Z',
                '2023-06-15T17:57:23+00:00',
                '2023-06-16T17:57:23+00:00'
        ),
        (
                6,
                4,
                11,
                35,
                'RAS',
                false,
                4,
                '2023-06-15T16:15:22Z',
                '2023-06-15T16:25:43Z',
                '2023-06-15T17:08:12Z',
                '2023-06-17T04:08:12+00:00',
                '2023-06-18T04:08:12+00:00'
        ),
        (
                7,
                12,
                8,
                75,
                'RAS',
                false,
                4,
                '2023-06-15T18:08:12Z',
                '2023-06-16T09:19:59Z',
                '2023-06-16T09:52:08Z',
                '2023-06-19T12:52:08+00:00',
                '2023-06-20T12:52:08+00:00'
        ),
        (
                6,
                3,
                4,
                48,
                'RAS',
                false,
                4,
                '2023-06-16T13:56:57Z',
                '2023-06-16T14:52:58Z',
                '2023-06-16T15:40:23Z',
                '2023-06-18T15:40:23+00:00',
                '2023-06-19T15:40:23+00:00'
        ),
        (
                6,
                2,
                3,
                63,
                'RAS',
                false,
                4,
                '2023-06-16T17:12:39Z',
                '2023-06-16T17:45:39Z',
                '2023-06-19T08:43:36Z',
                '2023-06-21T23:43:36+00:00',
                '2023-06-22T23:43:36+00:00'
        ),
        (
                7,
                3,
                4,
                11,
                'RAS',
                false,
                4,
                '2023-06-19T12:29:41Z',
                '2023-06-19T13:07:40Z',
                '2023-06-19T13:20:06Z',
                '2023-06-20T00:20:06+00:00',
                '2023-06-21T00:20:06+00:00'
        ),
        (
                8,
                12,
                6,
                32,
                'RAS',
                false,
                4,
                '2023-06-19T17:24:38Z',
                '2023-06-19T17:45:00Z',
                '2023-06-19T17:54:27Z',
                '2023-06-21T01:54:27+00:00',
                '2023-06-22T01:54:27+00:00'
        ),
        (
                2,
                4,
                10,
                31,
                'RAS',
                false,
                4,
                '2023-06-20T08:29:06Z',
                '2023-06-20T08:59:20Z',
                '2023-06-20T09:12:12Z',
                '2023-06-21T16:12:12+00:00',
                '2023-06-22T16:12:12+00:00'
        ),
        (
                6,
                12,
                6,
                21,
                'RAS',
                false,
                4,
                '2023-06-20T09:53:20Z',
                '2023-06-20T11:36:29Z',
                '2023-06-20T12:56:31Z',
                '2023-06-21T09:56:31+00:00',
                '2023-06-22T09:56:31+00:00'
        ),
        (
                3,
                2,
                2,
                69,
                'RAS',
                false,
                4,
                '2023-06-20T13:10:58Z',
                '2023-06-20T14:12:34Z',
                '2023-06-20T14:43:12Z',
                '2023-06-23T11:43:12+00:00',
                '2023-06-24T11:43:12+00:00'
        ),
        (
                2,
                12,
                9,
                43,
                'RAS',
                false,
                4,
                '2023-06-20T16:19:35Z',
                '2023-06-20T16:31:35Z',
                '2023-06-20T17:36:54Z',
                '2023-06-22T12:36:54+00:00',
                '2023-06-23T12:36:54+00:00'
        ),
        (
                7,
                4,
                11,
                30,
                'RAS',
                false,
                4,
                '2023-06-21T09:08:38Z',
                '2023-06-21T09:59:24Z',
                '2023-06-21T10:37:49Z',
                '2023-06-22T16:37:49+00:00',
                '2023-06-23T16:37:49+00:00'
        ),
        (
                2,
                4,
                12,
                62,
                'RAS',
                false,
                4,
                '2023-06-21T12:36:00Z',
                '2023-06-21T13:38:21Z',
                '2023-06-21T14:05:01Z',
                '2023-06-24T04:05:01+00:00',
                '2023-06-25T04:05:01+00:00'
        ),
        (
                3,
                3,
                5,
                62,
                'RAS',
                false,
                4,
                '2023-06-21T18:15:01Z',
                '2023-06-21T18:34:44Z',
                '2023-06-22T08:01:17Z',
                '2023-06-24T22:01:17+00:00',
                '2023-06-25T22:01:17+00:00'
        ),
        (
                6,
                2,
                1,
                55,
                'RAS',
                false,
                4,
                '2023-06-22T08:58:53Z',
                '2023-06-22T09:23:52Z',
                '2023-06-22T09:33:45Z',
                '2023-06-24T16:33:45+00:00',
                '2023-06-25T16:33:45+00:00'
        ),
        (
                2,
                2,
                1,
                6,
                'RAS',
                false,
                4,
                '2023-06-22T10:21:09Z',
                '2023-06-22T11:08:04Z',
                '2023-06-22T12:32:10Z',
                '2023-06-22T18:32:10+00:00',
                '2023-06-23T18:32:10+00:00'
        ),
        (
                7,
                12,
                9,
                62,
                'RAS',
                false,
                4,
                '2023-06-22T16:57:27Z',
                '2023-06-22T17:21:48Z',
                '2023-06-23T08:05:22Z',
                '2023-06-25T22:05:22+00:00',
                '2023-06-26T22:05:22+00:00'
        ),
        (
                2,
                2,
                3,
                35,
                'RAS',
                false,
                4,
                '2023-06-23T09:58:31Z',
                '2023-06-23T10:00:02Z',
                '2023-06-23T10:44:19Z',
                '2023-06-24T21:44:19+00:00',
                '2023-06-25T21:44:19+00:00'
        ),
        (
                8,
                2,
                1,
                62,
                'RAS',
                false,
                4,
                '2023-06-23T14:33:42Z',
                '2023-06-23T14:56:11Z',
                '2023-06-23T17:16:03Z',
                '2023-06-26T07:16:03+00:00',
                '2023-06-27T07:16:03+00:00'
        ),
        (
                11,
                12,
                7,
                59,
                'RAS',
                false,
                4,
                '2023-06-23T18:12:32Z',
                '2023-06-26T08:25:46Z',
                '2023-06-26T09:13:33Z',
                '2023-06-28T20:13:33+00:00',
                '2023-06-29T20:13:33+00:00'
        ),
        (
                6,
                2,
                3,
                70,
                'RAS',
                false,
                4,
                '2023-06-26T10:06:11Z',
                '2023-06-26T11:14:34Z',
                '2023-06-26T11:15:50Z',
                '2023-06-29T09:15:50+00:00',
                '2023-06-30T09:15:50+00:00'
        ),
        (
                5,
                2,
                1,
                42,
                'RAS',
                false,
                4,
                '2023-06-26T13:44:12Z',
                '2023-06-26T14:10:04Z',
                '2023-06-26T14:42:33Z',
                '2023-06-28T08:42:33+00:00',
                '2023-06-29T08:42:33+00:00'
        ),
        (
                11,
                4,
                12,
                27,
                'RAS',
                false,
                4,
                '2023-06-26T16:47:29Z',
                '2023-06-26T16:54:13Z',
                '2023-06-26T17:59:26Z',
                '2023-06-27T20:59:26+00:00',
                '2023-06-28T20:59:26+00:00'
        ),
        (
                5,
                3,
                4,
                59,
                'RAS',
                false,
                4,
                '2023-06-27T09:28:24Z',
                '2023-06-27T10:08:42Z',
                '2023-06-27T11:11:24Z',
                '2023-06-29T22:11:24+00:00',
                '2023-06-30T22:11:24+00:00'
        ),
        (
                7,
                12,
                7,
                29,
                'RAS',
                false,
                4,
                '2023-06-27T12:05:29Z',
                '2023-06-27T12:48:03Z',
                '2023-06-27T13:41:59Z',
                '2023-06-28T18:41:59+00:00',
                '2023-06-29T18:41:59+00:00'
        ),
        (
                8,
                4,
                10,
                16,
                'RAS',
                false,
                4,
                '2023-06-27T15:57:04Z',
                '2023-06-27T16:02:11Z',
                '2023-06-27T16:37:57Z',
                '2023-06-28T08:37:57+00:00',
                '2023-06-29T08:37:57+00:00'
        ),
        (
                11,
                12,
                7,
                40,
                'RAS',
                false,
                4,
                '2023-06-27T17:32:24Z',
                '2023-06-27T18:23:09Z',
                '2023-06-28T08:01:19Z',
                '2023-06-30T00:01:19+00:00',
                '2023-07-01T00:01:19+00:00'
        ),
        (
                11,
                2,
                2,
                68,
                'RAS',
                false,
                4,
                '2023-06-28T11:01:12Z',
                '2023-06-28T11:05:41Z',
                '2023-06-28T11:39:44Z',
                '2023-07-01T07:39:44+00:00',
                '2023-07-02T07:39:44+00:00'
        ),
        (
                8,
                3,
                5,
                44,
                'RAS',
                false,
                4,
                '2023-06-28T12:55:07Z',
                '2023-06-28T12:56:28Z',
                '2023-06-28T13:24:55Z',
                '2023-06-30T09:24:55+00:00',
                '2023-07-01T09:24:55+00:00'
        ),
        (
                7,
                3,
                5,
                47,
                'RAS',
                false,
                4,
                '2023-06-28T14:08:15Z',
                '2023-06-28T17:01:35Z',
                '2023-06-28T18:19:27Z',
                '2023-06-30T17:19:27+00:00',
                '2023-07-01T17:19:27+00:00'
        ),
        (
                7,
                2,
                2,
                32,
                'RAS',
                false,
                4,
                '2023-06-29T10:00:08Z',
                '2023-06-29T10:34:29Z',
                '2023-06-29T11:20:40Z',
                '2023-06-30T19:20:40+00:00',
                '2023-07-01T19:20:40+00:00'
        ),
        (
                2,
                3,
                4,
                77,
                'RAS',
                false,
                4,
                '2023-06-29T12:12:16Z',
                '2023-06-29T12:21:02Z',
                '2023-06-29T12:53:47Z',
                '2023-07-02T17:53:47+00:00',
                '2023-07-03T17:53:47+00:00'
        ),
        (
                2,
                2,
                3,
                27,
                'RAS',
                false,
                4,
                '2023-06-29T13:30:34Z',
                '2023-06-29T13:33:54Z',
                '2023-06-29T14:50:51Z',
                '2023-06-30T17:50:51+00:00',
                '2023-07-01T17:50:51+00:00'
        ),
        (
                8,
                3,
                4,
                36,
                'RAS',
                false,
                4,
                '2023-06-29T17:12:13Z',
                '2023-06-29T18:19:00Z',
                '2023-06-29T18:33:17Z',
                '2023-07-01T06:33:17+00:00',
                '2023-07-02T06:33:17+00:00'
        ),
        (
                6,
                12,
                6,
                32,
                'RAS',
                false,
                4,
                '2023-06-30T10:59:08Z',
                '2023-06-30T11:56:05Z',
                '2023-06-30T11:56:31Z',
                '2023-07-01T19:56:31+00:00',
                '2023-07-02T19:56:31+00:00'
        ),
        (
                2,
                12,
                7,
                26,
                'RAS',
                false,
                4,
                '2023-06-30T13:37:45Z',
                '2023-06-30T13:55:35Z',
                '2023-06-30T14:14:45Z',
                '2023-07-01T16:14:45+00:00',
                '2023-07-02T16:14:45+00:00'
        ),
        (
                5,
                3,
                5,
                38,
                'RAS',
                false,
                4,
                '2023-06-30T15:13:04Z',
                '2023-06-30T15:41:22Z',
                '2023-06-30T15:44:04Z',
                '2023-07-02T05:44:04+00:00',
                '2023-07-03T05:44:04+00:00'
        ),
        (
                6,
                12,
                9,
                38,
                'RAS',
                false,
                4,
                '2023-06-30T17:17:10Z',
                '2023-06-30T17:29:31Z',
                '2023-06-30T17:35:29Z',
                '2023-07-02T07:35:29+00:00',
                '2023-07-03T08:04:59Z'
        ),
        (
                5,
                12,
                8,
                51,
                'RAS',
                false,
                4,
                '2023-07-03T08:33:17Z',
                '2023-07-03T08:38:20Z',
                '2023-07-03T09:06:58Z',
                '2023-07-05T12:06:58+00:00',
                '2023-07-06T12:06:58+00:00'
        ),
        (
                3,
                12,
                7,
                25,
                'RAS',
                false,
                4,
                '2023-07-03T09:59:34Z',
                '2023-07-03T10:21:59Z',
                '2023-07-03T10:53:01Z',
                '2023-07-04T11:53:01+00:00',
                '2023-07-05T11:53:01+00:00'
        ),
        (
                11,
                2,
                1,
                58,
                'RAS',
                false,
                4,
                '2023-07-03T12:24:25Z',
                '2023-07-03T12:36:54Z',
                '2023-07-03T13:59:11Z',
                '2023-07-05T23:59:11+00:00',
                '2023-07-06T23:59:11+00:00'
        ),
        (
                3,
                12,
                7,
                62,
                'RAS',
                false,
                4,
                '2023-07-03T14:46:19Z',
                '2023-07-03T14:58:11Z',
                '2023-07-03T15:07:42Z',
                '2023-07-06T05:07:42+00:00',
                '2023-07-07T05:07:42+00:00'
        ),
        (
                2,
                12,
                6,
                79,
                'RAS',
                false,
                4,
                '2023-07-03T16:28:17Z',
                '2023-07-04T08:50:18Z',
                '2023-07-04T08:53:18Z',
                '2023-07-07T15:53:18+00:00',
                '2023-07-08T15:53:18+00:00'
        ),
        (
                11,
                12,
                6,
                42,
                'RAS',
                false,
                4,
                '2023-07-04T11:59:28Z',
                '2023-07-04T12:04:51Z',
                '2023-07-04T13:16:08Z',
                '2023-07-06T07:16:08+00:00',
                '2023-07-07T07:16:08+00:00'
        ),
        (
                8,
                4,
                10,
                78,
                'RAS',
                false,
                4,
                '2023-07-04T14:21:02Z',
                '2023-07-04T15:41:57Z',
                '2023-07-04T16:27:55Z',
                '2023-07-07T22:27:55+00:00',
                '2023-07-08T22:27:55+00:00'
        ),
        (
                5,
                12,
                6,
                60,
                'RAS',
                false,
                4,
                '2023-07-04T17:14:39Z',
                '2023-07-04T18:41:27Z',
                '2023-07-04T18:54:09Z',
                '2023-07-07T06:54:09+00:00',
                '2023-07-08T06:54:09+00:00'
        ),
        (
                3,
                2,
                2,
                77,
                'RAS',
                false,
                4,
                '2023-07-05T10:17:45Z',
                '2023-07-05T10:35:03Z',
                '2023-07-05T11:21:14Z',
                '2023-07-08T16:21:14+00:00',
                '2023-07-09T16:21:14+00:00'
        ),
        (
                3,
                4,
                11,
                71,
                'RAS',
                false,
                4,
                '2023-07-05T15:31:09Z',
                '2023-07-05T15:41:37Z',
                '2023-07-05T17:37:56Z',
                '2023-07-08T16:37:56+00:00',
                '2023-07-09T16:37:56+00:00'
        ),
        (
                2,
                3,
                4,
                17,
                'RAS',
                false,
                4,
                '2023-07-06T08:26:56Z',
                '2023-07-06T08:29:59Z',
                '2023-07-06T08:55:22Z',
                '2023-07-07T01:55:22+00:00',
                '2023-07-08T01:55:22+00:00'
        ),
        (
                8,
                12,
                8,
                55,
                'RAS',
                false,
                4,
                '2023-07-06T09:56:18Z',
                '2023-07-06T10:09:45Z',
                '2023-07-06T10:32:03Z',
                '2023-07-08T17:32:03+00:00',
                '2023-07-09T17:32:03+00:00'
        ),
        (
                3,
                2,
                1,
                48,
                'RAS',
                false,
                4,
                '2023-07-06T14:55:39Z',
                '2023-07-06T15:03:11Z',
                '2023-07-06T15:51:17Z',
                '2023-07-08T15:51:17+00:00',
                '2023-07-09T15:51:17+00:00'
        ),
        (
                2,
                12,
                9,
                23,
                'RAS',
                false,
                4,
                '2023-07-07T08:33:12Z',
                '2023-07-07T09:09:16Z',
                '2023-07-07T09:57:46Z',
                '2023-07-08T08:57:46+00:00',
                '2023-07-09T08:57:46+00:00'
        ),
        (
                5,
                12,
                9,
                24,
                'RAS',
                false,
                4,
                '2023-07-07T13:12:26Z',
                '2023-07-07T13:58:10Z',
                '2023-07-07T13:59:01Z',
                '2023-07-08T13:59:01+00:00',
                '2023-07-09T13:59:01+00:00'
        ),
        (
                7,
                4,
                11,
                60,
                'RAS',
                false,
                4,
                '2023-07-07T15:09:16Z',
                '2023-07-07T15:38:18Z',
                '2023-07-07T16:31:31Z',
                '2023-07-10T04:31:31+00:00',
                '2023-07-11T04:31:31+00:00'
        ),
        (
                3,
                2,
                3,
                58,
                'RAS',
                false,
                4,
                '2023-07-07T18:01:05Z',
                '2023-07-07T18:13:33Z',
                '2023-07-10T08:04:13Z',
                '2023-07-12T18:04:13+00:00',
                '2023-07-13T18:04:13+00:00'
        ),
        (
                6,
                3,
                5,
                49,
                'RAS',
                false,
                4,
                '2023-07-10T09:22:03Z',
                '2023-07-10T09:47:10Z',
                '2023-07-10T10:20:26Z',
                '2023-07-12T11:20:26+00:00',
                '2023-07-13T11:20:26+00:00'
        ),
        (
                2,
                12,
                8,
                75,
                'RAS',
                false,
                4,
                '2023-07-10T11:24:51Z',
                '2023-07-10T12:06:36Z',
                '2023-07-10T12:08:26Z',
                '2023-07-13T15:08:26+00:00',
                '2023-07-14T15:08:26+00:00'
        ),
        (
                7,
                12,
                6,
                54,
                'RAS',
                false,
                4,
                '2023-07-10T16:36:56Z',
                '2023-07-10T17:11:51Z',
                '2023-07-10T17:20:06Z',
                '2023-07-12T23:20:06+00:00',
                '2023-07-13T23:20:06+00:00'
        ),
        (
                2,
                4,
                12,
                23,
                'RAS',
                false,
                4,
                '2023-07-11T08:03:25Z',
                '2023-07-11T11:31:50Z',
                '2023-07-11T12:02:15Z',
                '2023-07-12T11:02:15+00:00',
                '2023-07-13T11:02:15+00:00'
        ),
        (
                5,
                4,
                12,
                52,
                'RAS',
                false,
                4,
                '2023-07-11T14:45:31Z',
                '2023-07-11T16:40:49Z',
                '2023-07-11T16:45:59Z',
                '2023-07-13T20:45:59+00:00',
                '2023-07-14T20:45:59+00:00'
        ),
        (
                3,
                4,
                11,
                10,
                'RAS',
                false,
                4,
                '2023-07-11T18:15:56Z',
                '2023-07-11T18:17:02Z',
                '2023-07-11T18:30:19Z',
                '2023-07-12T04:30:19+00:00',
                '2023-07-12T08:07:06Z'
        ),
        (
                11,
                4,
                10,
                54,
                'RAS',
                false,
                4,
                '2023-07-12T08:17:45Z',
                '2023-07-12T09:17:06Z',
                '2023-07-12T10:53:22Z',
                '2023-07-14T16:53:22+00:00',
                '2023-07-15T16:53:22+00:00'
        ),
        (
                8,
                4,
                12,
                9,
                'RAS',
                false,
                4,
                '2023-07-12T11:40:38Z',
                '2023-07-12T12:03:21Z',
                '2023-07-12T12:07:54Z',
                '2023-07-12T21:07:54+00:00',
                '2023-07-13T21:07:54+00:00'
        ),
        (
                8,
                12,
                9,
                44,
                'RAS',
                false,
                4,
                '2023-07-12T15:45:22Z',
                '2023-07-12T17:16:46Z',
                '2023-07-12T17:55:12Z',
                '2023-07-14T13:55:12+00:00',
                '2023-07-15T13:55:12+00:00'
        ),
        (
                6,
                4,
                10,
                26,
                'RAS',
                false,
                4,
                '2023-07-13T08:19:18Z',
                '2023-07-13T08:56:14Z',
                '2023-07-13T10:35:15Z',
                '2023-07-14T12:35:15+00:00',
                '2023-07-15T12:35:15+00:00'
        ),
        (
                6,
                4,
                10,
                9,
                'RAS',
                false,
                4,
                '2023-07-13T13:13:07Z',
                '2023-07-13T14:21:57Z',
                '2023-07-13T14:50:48Z',
                '2023-07-13T23:50:48+00:00',
                '2023-07-14T23:50:48+00:00'
        ),
        (
                6,
                12,
                6,
                14,
                'RAS',
                false,
                4,
                '2023-07-13T16:20:11Z',
                '2023-07-13T16:56:45Z',
                '2023-07-13T18:24:56Z',
                '2023-07-14T08:24:56+00:00',
                '2023-07-15T08:24:56+00:00'
        ),
        (
                7,
                3,
                4,
                74,
                'RAS',
                false,
                4,
                '2023-07-14T08:11:57Z',
                '2023-07-14T08:25:11Z',
                '2023-07-14T08:37:40Z',
                '2023-07-17T10:37:40+00:00',
                '2023-07-18T10:37:40+00:00'
        ),
        (
                6,
                4,
                10,
                41,
                'RAS',
                false,
                4,
                '2023-07-14T10:21:36Z',
                '2023-07-14T10:55:56Z',
                '2023-07-14T11:47:20Z',
                '2023-07-16T04:47:20+00:00',
                '2023-07-17T04:47:20+00:00'
        ),
        (
                7,
                12,
                6,
                58,
                'RAS',
                false,
                4,
                '2023-07-14T13:28:09Z',
                '2023-07-14T13:54:15Z',
                '2023-07-14T14:57:14Z',
                '2023-07-17T00:57:14+00:00',
                '2023-07-17T08:08:12Z'
        ),
        (
                11,
                3,
                4,
                25,
                'RAS',
                false,
                4,
                '2023-07-17T09:29:39Z',
                '2023-07-17T10:39:30Z',
                '2023-07-17T10:57:09Z',
                '2023-07-18T11:57:09+00:00',
                '2023-07-19T11:57:09+00:00'
        ),
        (
                11,
                2,
                3,
                38,
                'RAS',
                false,
                4,
                '2023-07-17T12:12:31Z',
                '2023-07-17T14:13:46Z',
                '2023-07-17T14:32:53Z',
                '2023-07-19T04:32:53+00:00',
                '2023-07-20T04:32:53+00:00'
        ),
        (
                7,
                3,
                5,
                36,
                'RAS',
                false,
                4,
                '2023-07-17T15:04:05Z',
                '2023-07-17T16:19:36Z',
                '2023-07-17T16:20:53Z',
                '2023-07-19T04:20:53+00:00',
                '2023-07-20T04:20:53+00:00'
        ),
        (
                11,
                2,
                1,
                31,
                'RAS',
                false,
                4,
                '2023-07-18T08:07:50Z',
                '2023-07-18T08:43:32Z',
                '2023-07-18T08:44:47Z',
                '2023-07-19T15:44:47+00:00',
                '2023-07-20T15:44:47+00:00'
        ),
        (
                6,
                4,
                11,
                60,
                'RAS',
                false,
                4,
                '2023-07-18T10:06:40Z',
                '2023-07-18T10:32:17Z',
                '2023-07-18T10:45:02Z',
                '2023-07-20T22:45:02+00:00',
                '2023-07-21T22:45:02+00:00'
        ),
        (
                5,
                12,
                6,
                64,
                'RAS',
                false,
                4,
                '2023-07-18T12:50:45Z',
                '2023-07-18T13:08:25Z',
                '2023-07-18T13:37:26Z',
                '2023-07-21T05:37:26+00:00',
                '2023-07-22T05:37:26+00:00'
        ),
        (
                8,
                2,
                3,
                44,
                'RAS',
                false,
                4,
                '2023-07-18T15:43:52Z',
                '2023-07-18T18:08:46Z',
                '2023-07-19T09:18:56Z',
                '2023-07-21T05:18:56+00:00',
                '2023-07-22T05:18:56+00:00'
        ),
        (
                7,
                2,
                3,
                8,
                'RAS',
                false,
                4,
                '2023-07-19T10:00:07Z',
                '2023-07-19T11:15:01Z',
                '2023-07-19T12:12:37Z',
                '2023-07-19T20:12:37+00:00',
                '2023-07-20T20:12:37+00:00'
        ),
        (
                3,
                12,
                8,
                66,
                'RAS',
                false,
                4,
                '2023-07-19T15:05:52Z',
                '2023-07-19T15:26:44Z',
                '2023-07-19T15:34:27Z',
                '2023-07-22T09:34:27+00:00',
                '2023-07-23T09:34:27+00:00'
        ),
        (
                3,
                3,
                4,
                6,
                'RAS',
                false,
                4,
                '2023-07-19T17:20:35Z',
                '2023-07-19T17:30:00Z',
                '2023-07-19T18:51:55Z',
                '2023-07-20T08:05:05Z',
                '2023-07-20T08:10:50Z'
        ),
        (
                11,
                2,
                3,
                79,
                'RAS',
                false,
                4,
                '2023-07-20T08:18:03Z',
                '2023-07-20T09:04:05Z',
                '2023-07-20T09:33:12Z',
                '2023-07-23T16:33:12+00:00',
                '2023-07-24T16:33:12+00:00'
        ),
        (
                7,
                2,
                3,
                12,
                'RAS',
                false,
                4,
                '2023-07-20T10:24:06Z',
                '2023-07-20T10:24:07Z',
                '2023-07-20T11:03:33Z',
                '2023-07-20T23:03:33+00:00',
                '2023-07-21T23:03:33+00:00'
        ),
        (
                5,
                12,
                7,
                43,
                'RAS',
                false,
                4,
                '2023-07-20T12:11:35Z',
                '2023-07-20T12:12:54Z',
                '2023-07-20T14:01:59Z',
                '2023-07-22T09:01:59+00:00',
                '2023-07-23T09:01:59+00:00'
        ),
        (
                11,
                3,
                5,
                65,
                'RAS',
                false,
                4,
                '2023-07-20T17:04:54Z',
                '2023-07-20T17:13:53Z',
                '2023-07-20T17:30:07Z',
                '2023-07-23T10:30:07+00:00',
                '2023-07-24T10:30:07+00:00'
        ),
        (
                7,
                2,
                1,
                63,
                'RAS',
                false,
                4,
                '2023-07-20T17:41:03Z',
                '2023-07-20T18:15:08Z',
                '2023-07-21T09:15:53Z',
                '2023-07-24T00:15:53+00:00',
                '2023-07-25T00:15:53+00:00'
        ),
        (
                11,
                4,
                10,
                76,
                'RAS',
                false,
                4,
                '2023-07-21T11:16:08Z',
                '2023-07-21T13:24:28Z',
                '2023-07-21T14:50:33Z',
                '2023-07-24T18:50:33+00:00',
                '2023-07-25T18:50:33+00:00'
        ),
        (
                5,
                2,
                1,
                50,
                'RAS',
                false,
                4,
                '2023-07-21T17:40:37Z',
                '2023-07-24T08:36:07Z',
                '2023-07-24T09:46:22Z',
                '2023-07-26T11:46:22+00:00',
                '2023-07-27T11:46:22+00:00'
        ),
        (
                11,
                2,
                1,
                34,
                'RAS',
                false,
                4,
                '2023-07-24T12:14:59Z',
                '2023-07-24T14:47:52Z',
                '2023-07-24T15:21:49Z',
                '2023-07-26T01:21:49+00:00',
                '2023-07-27T01:21:49+00:00'
        ),
        (
                8,
                3,
                5,
                57,
                'RAS',
                false,
                4,
                '2023-07-24T17:44:45Z',
                '2023-07-24T18:12:57Z',
                '2023-07-25T08:38:18Z',
                '2023-07-27T17:38:18+00:00',
                '2023-07-28T17:38:18+00:00'
        ),
        (
                3,
                3,
                5,
                67,
                'RAS',
                false,
                4,
                '2023-07-25T10:07:26Z',
                '2023-07-25T14:36:41Z',
                '2023-07-25T14:57:30Z',
                '2023-07-28T09:57:30+00:00',
                '2023-07-29T09:57:30+00:00'
        ),
        (
                8,
                12,
                7,
                11,
                'RAS',
                false,
                4,
                '2023-07-25T17:15:11Z',
                '2023-07-25T17:30:31Z',
                '2023-07-25T17:49:15Z',
                '2023-07-26T04:49:15+00:00',
                '2023-07-27T04:49:15+00:00'
        ),
        (
                8,
                12,
                9,
                49,
                'RAS',
                false,
                4,
                '2023-07-25T18:49:32Z',
                '2023-07-26T08:15:03Z',
                '2023-07-26T09:20:58Z',
                '2023-07-28T10:20:58+00:00',
                '2023-07-29T10:20:58+00:00'
        ),
        (
                8,
                3,
                5,
                29,
                'RAS',
                false,
                4,
                '2023-07-26T11:30:53Z',
                '2023-07-26T11:45:52Z',
                '2023-07-26T12:56:20Z',
                '2023-07-27T17:56:20+00:00',
                '2023-07-28T17:56:20+00:00'
        ),
        (
                2,
                12,
                8,
                56,
                'RAS',
                false,
                4,
                '2023-07-26T15:03:32Z',
                '2023-07-26T15:27:32Z',
                '2023-07-26T15:47:22Z',
                '2023-07-28T23:47:22+00:00',
                '2023-07-29T23:47:22+00:00'
        ),
        (
                6,
                3,
                4,
                30,
                'RAS',
                false,
                4,
                '2023-07-27T09:33:00Z',
                '2023-07-27T10:17:38Z',
                '2023-07-27T10:37:14Z',
                '2023-07-28T16:37:14+00:00',
                '2023-07-29T16:37:14+00:00'
        ),
        (
                7,
                12,
                6,
                12,
                'RAS',
                false,
                4,
                '2023-07-27T13:59:14Z',
                '2023-07-27T16:07:13Z',
                '2023-07-27T16:46:54Z',
                '2023-07-28T04:46:54+00:00',
                '2023-07-29T04:46:54+00:00'
        ),
        (
                3,
                3,
                5,
                78,
                'RAS',
                false,
                4,
                '2023-07-27T18:16:35Z',
                '2023-07-28T08:32:32Z',
                '2023-07-28T08:47:20Z',
                '2023-07-31T14:47:20+00:00',
                '2023-08-01T14:47:20+00:00'
        ),
        (
                8,
                2,
                3,
                30,
                'RAS',
                false,
                4,
                '2023-07-28T09:19:27Z',
                '2023-07-28T09:38:05Z',
                '2023-07-28T09:44:00Z',
                '2023-07-29T15:44:00+00:00',
                '2023-07-30T15:44:00+00:00'
        ),
        (
                11,
                2,
                2,
                28,
                'RAS',
                false,
                4,
                '2023-07-28T11:09:29Z',
                '2023-07-28T12:27:59Z',
                '2023-07-28T12:29:35Z',
                '2023-07-29T16:29:35+00:00',
                '2023-07-30T16:29:35+00:00'
        ),
        (
                5,
                2,
                2,
                31,
                'RAS',
                false,
                4,
                '2023-07-28T13:07:25Z',
                '2023-07-28T13:21:37Z',
                '2023-07-28T15:00:52Z',
                '2023-07-29T22:00:52+00:00',
                '2023-07-30T22:00:52+00:00'
        ),
        (
                2,
                4,
                10,
                64,
                'RAS',
                false,
                4,
                '2023-07-28T17:08:06Z',
                '2023-07-28T17:34:44Z',
                '2023-07-28T17:58:51Z',
                '2023-07-31T09:58:51+00:00',
                '2023-08-01T09:58:51+00:00'
        ),
        (
                11,
                2,
                1,
                37,
                'RAS',
                false,
                4,
                '2023-07-31T09:08:34Z',
                '2023-07-31T12:03:31Z',
                '2023-07-31T12:26:20Z',
                '2023-08-02T01:26:20+00:00',
                '2023-08-03T01:26:20+00:00'
        ),
        (
                3,
                2,
                1,
                49,
                'RAS',
                false,
                4,
                '2023-07-31T13:58:58Z',
                '2023-07-31T14:21:25Z',
                '2023-07-31T15:15:30Z',
                '2023-08-02T16:15:30+00:00',
                '2023-08-03T16:15:30+00:00'
        ),
        (
                3,
                2,
                3,
                25,
                'RAS',
                false,
                4,
                '2023-07-31T17:04:30Z',
                '2023-07-31T17:18:48Z',
                '2023-08-01T08:02:30Z',
                '2023-08-02T09:02:30+00:00',
                '2023-08-03T09:02:30+00:00'
        ),
        (
                7,
                12,
                9,
                15,
                'RAS',
                false,
                4,
                '2023-08-01T10:43:27Z',
                '2023-08-01T11:20:59Z',
                '2023-08-01T11:41:57Z',
                '2023-08-02T02:41:57+00:00',
                '2023-08-03T02:41:57+00:00'
        ),
        (
                2,
                2,
                2,
                58,
                'RAS',
                false,
                4,
                '2023-08-01T17:15:12Z',
                '2023-08-01T17:48:56Z',
                '2023-08-01T17:53:11Z',
                '2023-08-04T03:53:11+00:00',
                '2023-08-05T03:53:11+00:00'
        ),
        (
                11,
                12,
                6,
                66,
                'RAS',
                false,
                4,
                '2023-08-02T08:31:31Z',
                '2023-08-02T09:04:22Z',
                '2023-08-02T10:18:43Z',
                '2023-08-05T04:18:43+00:00',
                '2023-08-06T04:18:43+00:00'
        ),
        (
                3,
                12,
                7,
                65,
                'RAS',
                false,
                4,
                '2023-08-02T11:04:12Z',
                '2023-08-02T11:33:21Z',
                '2023-08-02T11:57:57Z',
                '2023-08-05T04:57:57+00:00',
                '2023-08-06T04:57:57+00:00'
        ),
        (
                6,
                3,
                5,
                67,
                'RAS',
                false,
                4,
                '2023-08-02T13:18:03Z',
                '2023-08-02T13:58:07Z',
                '2023-08-02T15:01:41Z',
                '2023-08-05T10:01:41+00:00',
                '2023-08-06T10:01:41+00:00'
        ),
        (
                3,
                12,
                9,
                27,
                'RAS',
                false,
                4,
                '2023-08-02T18:28:54Z',
                '2023-08-03T09:13:46Z',
                '2023-08-03T09:23:06Z',
                '2023-08-04T12:23:06+00:00',
                '2023-08-05T12:23:06+00:00'
        ),
        (
                5,
                12,
                8,
                11,
                'RAS',
                false,
                4,
                '2023-08-03T13:30:48Z',
                '2023-08-03T15:40:40Z',
                '2023-08-03T15:46:11Z',
                '2023-08-04T02:46:11+00:00',
                '2023-08-05T02:46:11+00:00'
        ),
        (
                7,
                12,
                6,
                29,
                'RAS',
                false,
                4,
                '2023-08-03T17:42:55Z',
                '2023-08-03T17:43:39Z',
                '2023-08-03T17:53:53Z',
                '2023-08-04T22:53:53+00:00',
                '2023-08-05T22:53:53+00:00'
        ),
        (
                8,
                12,
                7,
                15,
                'RAS',
                false,
                4,
                '2023-08-04T08:04:18Z',
                '2023-08-04T08:12:10Z',
                '2023-08-04T08:41:49Z',
                '2023-08-04T23:41:49+00:00',
                '2023-08-05T23:41:49+00:00'
        ),
        (
                11,
                3,
                4,
                35,
                'RAS',
                false,
                4,
                '2023-08-04T12:32:04Z',
                '2023-08-04T14:49:19Z',
                '2023-08-04T15:07:47Z',
                '2023-08-06T02:07:47+00:00',
                '2023-08-07T02:07:47+00:00'
        ),
        (
                8,
                4,
                12,
                28,
                'RAS',
                false,
                4,
                '2023-08-04T16:37:50Z',
                '2023-08-04T16:57:51Z',
                '2023-08-04T18:54:14Z',
                '2023-08-07T09:11:15Z',
                '2023-08-07T09:26:02Z'
        ),
        (
                5,
                2,
                1,
                41,
                'RAS',
                false,
                4,
                '2023-08-07T10:24:23Z',
                '2023-08-07T10:30:45Z',
                '2023-08-07T12:26:58Z',
                '2023-08-09T05:26:58+00:00',
                '2023-08-10T05:26:58+00:00'
        ),
        (
                11,
                12,
                6,
                24,
                'RAS',
                false,
                4,
                '2023-08-07T14:30:53Z',
                '2023-08-07T14:59:34Z',
                '2023-08-07T15:04:37Z',
                '2023-08-08T15:04:37+00:00',
                '2023-08-09T15:04:37+00:00'
        ),
        (
                8,
                3,
                4,
                69,
                'RAS',
                false,
                4,
                '2023-08-08T08:16:46Z',
                '2023-08-08T08:46:51Z',
                '2023-08-08T08:47:18Z',
                '2023-08-11T05:47:18+00:00',
                '2023-08-12T05:47:18+00:00'
        ),
        (
                2,
                4,
                10,
                77,
                'RAS',
                false,
                4,
                '2023-08-08T10:31:11Z',
                '2023-08-08T11:21:51Z',
                '2023-08-08T14:02:41Z',
                '2023-08-11T19:02:41+00:00',
                '2023-08-12T19:02:41+00:00'
        ),
        (
                2,
                12,
                6,
                38,
                'RAS',
                false,
                4,
                '2023-08-08T16:10:20Z',
                '2023-08-08T16:21:32Z',
                '2023-08-08T16:44:53Z',
                '2023-08-10T06:44:53+00:00',
                '2023-08-11T06:44:53+00:00'
        ),
        (
                5,
                2,
                3,
                5,
                'RAS',
                false,
                4,
                '2023-08-09T08:40:47Z',
                '2023-08-09T08:47:06Z',
                '2023-08-09T10:02:37Z',
                '2023-08-09T15:02:37+00:00',
                '2023-08-10T15:02:37+00:00'
        ),
        (
                11,
                4,
                10,
                76,
                'RAS',
                false,
                4,
                '2023-08-09T12:38:29Z',
                '2023-08-09T12:41:40Z',
                '2023-08-09T13:04:47Z',
                '2023-08-12T17:04:47+00:00',
                '2023-08-13T17:04:47+00:00'
        ),
        (
                11,
                2,
                3,
                18,
                'RAS',
                false,
                4,
                '2023-08-09T14:51:29Z',
                '2023-08-09T15:48:42Z',
                '2023-08-09T18:17:39Z',
                '2023-08-10T12:17:39+00:00',
                '2023-08-11T12:17:39+00:00'
        ),
        (
                6,
                4,
                11,
                19,
                'RAS',
                false,
                4,
                '2023-08-10T08:54:46Z',
                '2023-08-10T09:29:34Z',
                '2023-08-10T10:01:42Z',
                '2023-08-11T05:01:42+00:00',
                '2023-08-12T05:01:42+00:00'
        ),
        (
                5,
                2,
                3,
                63,
                'RAS',
                false,
                4,
                '2023-08-10T11:56:09Z',
                '2023-08-10T12:40:45Z',
                '2023-08-10T12:48:33Z',
                '2023-08-13T03:48:33+00:00',
                '2023-08-14T03:48:33+00:00'
        ),
        (
                2,
                4,
                10,
                17,
                'RAS',
                false,
                4,
                '2023-08-10T14:09:50Z',
                '2023-08-10T14:34:52Z',
                '2023-08-10T16:18:56Z',
                '2023-08-11T09:18:56+00:00',
                '2023-08-12T09:18:56+00:00'
        ),
        (
                3,
                12,
                9,
                70,
                'RAS',
                false,
                4,
                '2023-08-10T17:24:33Z',
                '2023-08-10T18:27:12Z',
                '2023-08-11T08:34:59Z',
                '2023-08-14T06:34:59+00:00',
                '2023-08-15T06:34:59+00:00'
        ),
        (
                3,
                12,
                9,
                28,
                'RAS',
                false,
                4,
                '2023-08-11T11:36:58Z',
                '2023-08-11T12:09:58Z',
                '2023-08-11T13:13:44Z',
                '2023-08-12T17:13:44+00:00',
                '2023-08-13T17:13:44+00:00'
        ),
        (
                7,
                2,
                3,
                51,
                'RAS',
                false,
                4,
                '2023-08-11T14:04:40Z',
                '2023-08-11T14:07:44Z',
                '2023-08-11T14:35:10Z',
                '2023-08-13T17:35:10+00:00',
                '2023-08-14T17:35:10+00:00'
        ),
        (
                11,
                12,
                7,
                79,
                'RAS',
                false,
                4,
                '2023-08-11T15:33:13Z',
                '2023-08-11T15:57:24Z',
                '2023-08-11T16:41:51Z',
                '2023-08-14T23:41:51+00:00',
                '2023-08-15T23:41:51+00:00'
        ),
        (
                7,
                2,
                2,
                52,
                'RAS',
                false,
                4,
                '2023-08-11T18:11:54Z',
                '2023-08-14T10:26:05Z',
                '2023-08-14T10:30:27Z',
                '2023-08-16T14:30:27+00:00',
                '2023-08-17T14:30:27+00:00'
        ),
        (
                6,
                12,
                9,
                60,
                'RAS',
                false,
                4,
                '2023-08-14T13:18:22Z',
                '2023-08-14T15:30:57Z',
                '2023-08-14T17:56:31Z',
                '2023-08-17T05:56:31+00:00',
                '2023-08-18T05:56:31+00:00'
        ),
        (
                3,
                4,
                11,
                50,
                'RAS',
                false,
                4,
                '2023-08-15T08:35:38Z',
                '2023-08-15T08:42:29Z',
                '2023-08-15T10:07:21Z',
                '2023-08-17T12:07:21+00:00',
                '2023-08-18T12:07:21+00:00'
        ),
        (
                8,
                12,
                9,
                21,
                'RAS',
                false,
                4,
                '2023-08-15T14:29:14Z',
                '2023-08-15T14:47:51Z',
                '2023-08-15T15:37:50Z',
                '2023-08-16T12:37:50+00:00',
                '2023-08-17T12:37:50+00:00'
        ),
        (
                11,
                12,
                8,
                20,
                'RAS',
                false,
                4,
                '2023-08-15T16:38:43Z',
                '2023-08-15T18:52:26Z',
                '2023-08-16T08:36:04Z',
                '2023-08-17T04:36:04+00:00',
                '2023-08-18T04:36:04+00:00'
        ),
        (
                5,
                2,
                2,
                37,
                'RAS',
                false,
                4,
                '2023-08-16T12:01:14Z',
                '2023-08-16T12:32:18Z',
                '2023-08-16T13:35:49Z',
                '2023-08-18T02:35:49+00:00',
                '2023-08-19T02:35:49+00:00'
        ),
        (
                6,
                12,
                7,
                65,
                'RAS',
                false,
                4,
                '2023-08-16T14:39:34Z',
                '2023-08-16T14:57:59Z',
                '2023-08-16T15:38:35Z',
                '2023-08-19T08:38:35+00:00',
                '2023-08-20T08:38:35+00:00'
        ),
        (
                7,
                2,
                2,
                77,
                'RAS',
                false,
                4,
                '2023-08-16T16:02:53Z',
                '2023-08-16T16:33:44Z',
                '2023-08-16T17:24:49Z',
                '2023-08-19T22:24:49+00:00',
                '2023-08-20T22:24:49+00:00'
        ),
        (
                7,
                4,
                11,
                79,
                'RAS',
                false,
                4,
                '2023-08-17T11:29:34Z',
                '2023-08-17T12:02:41Z',
                '2023-08-17T12:15:15Z',
                '2023-08-20T19:15:15+00:00',
                '2023-08-21T19:15:15+00:00'
        ),
        (
                11,
                2,
                3,
                13,
                'RAS',
                false,
                4,
                '2023-08-17T13:38:01Z',
                '2023-08-17T14:31:22Z',
                '2023-08-17T15:16:30Z',
                '2023-08-18T04:16:30+00:00',
                '2023-08-19T04:16:30+00:00'
        ),
        (
                6,
                12,
                7,
                47,
                'RAS',
                false,
                4,
                '2023-08-17T15:53:30Z',
                '2023-08-17T16:16:43Z',
                '2023-08-17T17:14:08Z',
                '2023-08-19T16:14:08+00:00',
                '2023-08-20T16:14:08+00:00'
        ),
        (
                5,
                4,
                12,
                49,
                'RAS',
                false,
                4,
                '2023-08-18T08:46:12Z',
                '2023-08-18T08:46:35Z',
                '2023-08-18T09:01:21Z',
                '2023-08-20T10:01:21+00:00',
                '2023-08-21T10:01:21+00:00'
        ),
        (
                5,
                3,
                4,
                45,
                'RAS',
                false,
                4,
                '2023-08-18T10:37:00Z',
                '2023-08-18T10:38:43Z',
                '2023-08-18T11:28:51Z',
                '2023-08-20T08:28:51+00:00',
                '2023-08-21T08:28:51+00:00'
        ),
        (
                8,
                2,
                1,
                26,
                'RAS',
                false,
                4,
                '2023-08-18T13:49:38Z',
                '2023-08-18T14:27:27Z',
                '2023-08-18T14:44:07Z',
                '2023-08-19T16:44:07+00:00',
                '2023-08-20T16:44:07+00:00'
        ),
        (
                8,
                3,
                5,
                74,
                'RAS',
                false,
                4,
                '2023-08-18T15:34:23Z',
                '2023-08-18T15:42:17Z',
                '2023-08-18T16:07:09Z',
                '2023-08-21T18:07:09+00:00',
                '2023-08-22T18:07:09+00:00'
        ),
        (
                8,
                4,
                11,
                35,
                'RAS',
                false,
                4,
                '2023-08-18T17:12:16Z',
                '2023-08-18T17:50:07Z',
                '2023-08-18T18:08:00Z',
                '2023-08-20T05:08:00+00:00',
                '2023-08-21T08:30:20Z'
        ),
        (
                7,
                12,
                7,
                60,
                'RAS',
                false,
                4,
                '2023-08-21T09:28:01Z',
                '2023-08-21T09:35:22Z',
                '2023-08-21T11:19:51Z',
                '2023-08-23T23:19:51+00:00',
                '2023-08-24T23:19:51+00:00'
        ),
        (
                7,
                12,
                6,
                58,
                'RAS',
                false,
                4,
                '2023-08-21T13:06:52Z',
                '2023-08-21T14:35:14Z',
                '2023-08-21T15:49:02Z',
                '2023-08-24T01:49:02+00:00',
                '2023-08-25T01:49:02+00:00'
        ),
        (
                5,
                4,
                12,
                41,
                'RAS',
                false,
                4,
                '2023-08-21T18:15:09Z',
                '2023-08-21T18:53:42Z',
                '2023-08-21T18:59:21Z',
                '2023-08-23T11:59:21+00:00',
                '2023-08-24T11:59:21+00:00'
        ),
        (
                2,
                12,
                9,
                53,
                'RAS',
                false,
                4,
                '2023-08-22T08:40:09Z',
                '2023-08-22T08:54:22Z',
                '2023-08-22T09:35:47Z',
                '2023-08-24T14:35:47+00:00',
                '2023-08-25T14:35:47+00:00'
        ),
        (
                3,
                12,
                8,
                72,
                'RAS',
                false,
                4,
                '2023-08-22T12:23:16Z',
                '2023-08-22T13:16:04Z',
                '2023-08-22T15:01:26Z',
                '2023-08-25T15:01:26+00:00',
                '2023-08-26T15:01:26+00:00'
        ),
        (
                5,
                12,
                8,
                14,
                'RAS',
                false,
                4,
                '2023-08-22T17:51:10Z',
                '2023-08-23T08:00:42Z',
                '2023-08-23T09:54:35Z',
                '2023-08-23T23:54:35+00:00',
                '2023-08-24T23:54:35+00:00'
        ),
        (
                8,
                2,
                2,
                34,
                'RAS',
                false,
                4,
                '2023-08-23T13:23:51Z',
                '2023-08-23T14:41:40Z',
                '2023-08-23T14:56:31Z',
                '2023-08-25T00:56:31+00:00',
                '2023-08-26T00:56:31+00:00'
        ),
        (
                3,
                12,
                6,
                9,
                'RAS',
                false,
                4,
                '2023-08-23T15:52:44Z',
                '2023-08-23T16:36:54Z',
                '2023-08-23T16:39:59Z',
                '2023-08-24T01:39:59+00:00',
                '2023-08-24T08:01:39Z'
        ),
        (
                6,
                12,
                9,
                49,
                'RAS',
                false,
                4,
                '2023-08-24T08:19:50Z',
                '2023-08-24T08:46:31Z',
                '2023-08-24T09:16:47Z',
                '2023-08-26T10:16:47+00:00',
                '2023-08-27T10:16:47+00:00'
        ),
        (
                2,
                3,
                4,
                78,
                'RAS',
                false,
                4,
                '2023-08-24T10:36:55Z',
                '2023-08-24T11:44:05Z',
                '2023-08-24T11:45:25Z',
                '2023-08-27T17:45:25+00:00',
                '2023-08-28T17:45:25+00:00'
        ),
        (
                2,
                12,
                8,
                80,
                'RAS',
                false,
                4,
                '2023-08-24T14:22:42Z',
                '2023-08-24T15:32:07Z',
                '2023-08-24T16:02:54Z',
                '2023-08-28T00:02:54+00:00',
                '2023-08-29T00:02:54+00:00'
        ),
        (
                7,
                12,
                6,
                75,
                'RAS',
                false,
                4,
                '2023-08-24T17:19:33Z',
                '2023-08-24T17:28:58Z',
                '2023-08-24T18:46:54Z',
                '2023-08-27T21:46:54+00:00',
                '2023-08-28T21:46:54+00:00'
        ),
        (
                2,
                3,
                5,
                18,
                'RAS',
                false,
                4,
                '2023-08-25T10:46:40Z',
                '2023-08-25T11:00:48Z',
                '2023-08-25T11:25:22Z',
                '2023-08-26T05:25:22+00:00',
                '2023-08-27T05:25:22+00:00'
        ),
        (
                11,
                3,
                4,
                69,
                'RAS',
                false,
                4,
                '2023-08-25T12:35:50Z',
                '2023-08-25T13:32:51Z',
                '2023-08-25T13:54:49Z',
                '2023-08-28T10:54:49+00:00',
                '2023-08-29T10:54:49+00:00'
        ),
        (
                7,
                12,
                6,
                14,
                'RAS',
                false,
                4,
                '2023-08-25T17:01:10Z',
                '2023-08-25T18:09:26Z',
                '2023-08-25T18:14:43Z',
                '2023-08-26T08:14:43+00:00',
                '2023-08-27T08:14:43+00:00'
        ),
        (
                3,
                3,
                4,
                48,
                'RAS',
                false,
                4,
                '2023-08-25T18:35:11Z',
                '2023-08-25T18:36:56Z',
                '2023-08-25T18:55:28Z',
                '2023-08-28T10:02:14Z',
                '2023-08-28T11:29:32Z'
        ),
        (
                11,
                4,
                12,
                59,
                'RAS',
                false,
                4,
                '2023-08-28T11:58:00Z',
                '2023-08-28T12:41:33Z',
                '2023-08-28T12:45:20Z',
                '2023-08-30T23:45:20+00:00',
                '2023-08-31T23:45:20+00:00'
        ),
        (
                5,
                4,
                11,
                50,
                'RAS',
                false,
                4,
                '2023-08-28T15:53:30Z',
                '2023-08-28T16:35:22Z',
                '2023-08-28T17:10:19Z',
                '2023-08-30T19:10:19+00:00',
                '2023-08-31T19:10:19+00:00'
        ),
        (
                2,
                4,
                11,
                34,
                'RAS',
                false,
                4,
                '2023-08-28T17:25:43Z',
                '2023-08-28T17:31:23Z',
                '2023-08-29T10:16:27Z',
                '2023-08-30T20:16:27+00:00',
                '2023-08-31T20:16:27+00:00'
        ),
        (
                11,
                12,
                7,
                41,
                'RAS',
                false,
                4,
                '2023-08-29T13:41:52Z',
                '2023-08-29T14:02:24Z',
                '2023-08-29T14:42:10Z',
                '2023-08-31T07:42:10+00:00',
                '2023-09-01T07:42:10+00:00'
        ),
        (
                8,
                4,
                11,
                21,
                'RAS',
                false,
                4,
                '2023-08-29T17:17:40Z',
                '2023-08-29T18:47:31Z',
                '2023-08-30T08:18:12Z',
                '2023-08-31T05:18:12+00:00',
                '2023-09-01T05:18:12+00:00'
        ),
        (
                2,
                2,
                1,
                22,
                'RAS',
                false,
                4,
                '2023-08-30T11:29:23Z',
                '2023-08-30T13:47:35Z',
                '2023-08-30T14:37:37Z',
                '2023-08-31T12:37:37+00:00',
                '2023-09-01T12:37:37+00:00'
        ),
        (
                2,
                12,
                9,
                26,
                'RAS',
                false,
                4,
                '2023-08-30T17:46:58Z',
                '2023-08-31T08:55:44Z',
                '2023-08-31T09:33:57Z',
                '2023-09-01T11:33:57+00:00',
                '2023-09-02T11:33:57+00:00'
        ),
        (
                7,
                12,
                7,
                19,
                'RAS',
                false,
                4,
                '2023-08-31T11:45:06Z',
                '2023-08-31T13:46:26Z',
                '2023-08-31T13:50:26Z',
                '2023-09-01T08:50:26+00:00',
                '2023-09-02T08:50:26+00:00'
        ),
        (
                8,
                2,
                2,
                59,
                'RAS',
                false,
                4,
                '2023-08-31T15:26:44Z',
                '2023-08-31T16:04:39Z',
                '2023-08-31T17:17:58Z',
                '2023-09-03T04:17:58+00:00',
                '2023-09-04T04:17:58+00:00'
        ),
        (
                11,
                2,
                3,
                17,
                'RAS',
                false,
                4,
                '2023-09-01T08:43:25Z',
                '2023-09-01T08:54:22Z',
                '2023-09-01T11:18:20Z',
                '2023-09-02T04:18:20+00:00',
                '2023-09-03T04:18:20+00:00'
        ),
        (
                8,
                2,
                3,
                66,
                'RAS',
                false,
                4,
                '2023-09-01T12:54:35Z',
                '2023-09-01T13:11:34Z',
                '2023-09-01T13:17:45Z',
                '2023-09-04T07:17:45+00:00',
                '2023-09-05T07:17:45+00:00'
        ),
        (
                2,
                12,
                7,
                61,
                'RAS',
                false,
                4,
                '2023-09-01T14:38:59Z',
                '2023-09-01T14:48:19Z',
                '2023-09-01T16:26:40Z',
                '2023-09-04T05:26:40+00:00',
                '2023-09-05T05:26:40+00:00'
        ),
        (
                6,
                2,
                3,
                55,
                'RAS',
                false,
                4,
                '2023-09-01T17:44:58Z',
                '2023-09-01T18:36:55Z',
                '2023-09-01T18:48:56Z',
                '2023-09-04T08:18:08Z',
                '2023-09-04T09:17:42Z'
        ),
        (
                5,
                3,
                5,
                70,
                'RAS',
                false,
                4,
                '2023-09-04T09:45:28Z',
                '2023-09-04T10:43:05Z',
                '2023-09-04T12:12:10Z',
                '2023-09-07T10:12:10+00:00',
                '2023-09-08T10:12:10+00:00'
        ),
        (
                11,
                12,
                7,
                43,
                'RAS',
                false,
                4,
                '2023-09-04T13:21:52Z',
                '2023-09-04T13:35:23Z',
                '2023-09-04T15:22:55Z',
                '2023-09-06T10:22:55+00:00',
                '2023-09-07T10:22:55+00:00'
        ),
        (
                3,
                12,
                8,
                46,
                'RAS',
                false,
                4,
                '2023-09-04T16:54:28Z',
                '2023-09-04T17:16:41Z',
                '2023-09-04T17:49:15Z',
                '2023-09-06T15:49:15+00:00',
                '2023-09-07T15:49:15+00:00'
        ),
        (
                2,
                12,
                8,
                19,
                'RAS',
                false,
                4,
                '2023-09-05T09:50:02Z',
                '2023-09-05T11:00:32Z',
                '2023-09-05T12:07:32Z',
                '2023-09-06T07:07:32+00:00',
                '2023-09-07T07:07:32+00:00'
        ),
        (
                2,
                2,
                2,
                43,
                'RAS',
                false,
                4,
                '2023-09-05T15:29:53Z',
                '2023-09-05T16:56:06Z',
                '2023-09-05T17:09:29Z',
                '2023-09-07T12:09:29+00:00',
                '2023-09-08T12:09:29+00:00'
        ),
        (
                5,
                2,
                3,
                62,
                'RAS',
                false,
                4,
                '2023-09-06T09:14:30Z',
                '2023-09-06T09:42:00Z',
                '2023-09-06T10:23:53Z',
                '2023-09-09T00:23:53+00:00',
                '2023-09-10T00:23:53+00:00'
        ),
        (
                3,
                3,
                4,
                46,
                'RAS',
                false,
                4,
                '2023-09-06T11:50:21Z',
                '2023-09-06T11:58:16Z',
                '2023-09-06T12:20:07Z',
                '2023-09-08T10:20:07+00:00',
                '2023-09-09T10:20:07+00:00'
        ),
        (
                11,
                12,
                8,
                53,
                'RAS',
                false,
                4,
                '2023-09-06T13:18:34Z',
                '2023-09-06T14:39:57Z',
                '2023-09-06T14:53:15Z',
                '2023-09-08T19:53:15+00:00',
                '2023-09-09T19:53:15+00:00'
        ),
        (
                7,
                4,
                11,
                23,
                'RAS',
                false,
                4,
                '2023-09-06T16:24:23Z',
                '2023-09-06T16:28:29Z',
                '2023-09-06T16:46:44Z',
                '2023-09-07T15:46:44+00:00',
                '2023-09-08T15:46:44+00:00'
        ),
        (
                5,
                2,
                2,
                61,
                'RAS',
                false,
                4,
                '2023-09-06T16:52:35Z',
                '2023-09-06T17:04:28Z',
                '2023-09-06T18:30:57Z',
                '2023-09-09T07:30:57+00:00',
                '2023-09-10T07:30:57+00:00'
        ),
        (
                6,
                12,
                9,
                38,
                'RAS',
                false,
                4,
                '2023-09-07T09:33:45Z',
                '2023-09-07T09:57:36Z',
                '2023-09-07T10:24:01Z',
                '2023-09-09T00:24:01+00:00',
                '2023-09-10T00:24:01+00:00'
        ),
        (
                2,
                12,
                7,
                38,
                'RAS',
                false,
                4,
                '2023-09-07T13:11:02Z',
                '2023-09-07T13:52:04Z',
                '2023-09-07T15:06:42Z',
                '2023-09-09T05:06:42+00:00',
                '2023-09-10T05:06:42+00:00'
        ),
        (
                2,
                4,
                12,
                27,
                'RAS',
                false,
                4,
                '2023-09-07T18:09:22Z',
                '2023-09-07T18:40:00Z',
                '2023-09-08T08:17:31Z',
                '2023-09-09T11:17:31+00:00',
                '2023-09-10T11:17:31+00:00'
        ),
        (
                5,
                2,
                3,
                12,
                'RAS',
                false,
                4,
                '2023-09-08T12:26:24Z',
                '2023-09-08T13:05:30Z',
                '2023-09-08T13:34:55Z',
                '2023-09-09T01:34:55+00:00',
                '2023-09-10T01:34:55+00:00'
        ),
        (
                11,
                12,
                7,
                49,
                'RAS',
                false,
                4,
                '2023-09-08T15:34:15Z',
                '2023-09-08T16:02:45Z',
                '2023-09-08T16:26:38Z',
                '2023-09-10T17:26:38+00:00',
                '2023-09-11T17:26:38+00:00'
        ),
        (
                8,
                12,
                9,
                11,
                'RAS',
                false,
                4,
                '2023-09-11T09:33:49Z',
                '2023-09-11T09:36:09Z',
                '2023-09-11T09:37:11Z',
                '2023-09-11T20:37:11+00:00',
                '2023-09-12T20:37:11+00:00'
        ),
        (
                8,
                4,
                11,
                44,
                'RAS',
                false,
                4,
                '2023-09-11T13:42:14Z',
                '2023-09-11T15:30:28Z',
                '2023-09-11T15:44:10Z',
                '2023-09-13T11:44:10+00:00',
                '2023-09-14T11:44:10+00:00'
        ),
        (
                3,
                12,
                7,
                7,
                'RAS',
                false,
                4,
                '2023-09-11T18:39:10Z',
                '2023-09-11T18:50:37Z',
                '2023-09-11T18:54:55Z',
                '2023-09-12T09:13:18Z',
                '2023-09-12T09:54:14Z'
        ),
        (
                2,
                2,
                2,
                64,
                'RAS',
                false,
                4,
                '2023-09-12T12:11:45Z',
                '2023-09-12T12:48:20Z',
                '2023-09-12T13:33:12Z',
                '2023-09-15T05:33:12+00:00',
                '2023-09-16T05:33:12+00:00'
        ),
        (
                6,
                2,
                1,
                53,
                'RAS',
                false,
                4,
                '2023-09-12T14:11:23Z',
                '2023-09-12T14:23:31Z',
                '2023-09-12T14:48:56Z',
                '2023-09-14T19:48:56+00:00',
                '2023-09-15T19:48:56+00:00'
        ),
        (
                5,
                4,
                11,
                26,
                'RAS',
                false,
                4,
                '2023-09-12T16:30:43Z',
                '2023-09-12T16:37:20Z',
                '2023-09-12T17:04:09Z',
                '2023-09-13T19:04:09+00:00',
                '2023-09-14T19:04:09+00:00'
        ),
        (
                2,
                2,
                2,
                53,
                'RAS',
                false,
                4,
                '2023-09-13T08:16:11Z',
                '2023-09-13T08:33:12Z',
                '2023-09-13T08:38:56Z',
                '2023-09-15T13:38:56+00:00',
                '2023-09-16T13:38:56+00:00'
        ),
        (
                11,
                12,
                8,
                20,
                'RAS',
                false,
                4,
                '2023-09-13T12:59:57Z',
                '2023-09-13T13:46:01Z',
                '2023-09-13T14:39:43Z',
                '2023-09-14T10:39:43+00:00',
                '2023-09-15T10:39:43+00:00'
        ),
        (
                8,
                12,
                6,
                18,
                'RAS',
                false,
                4,
                '2023-09-13T16:15:02Z',
                '2023-09-13T16:15:09Z',
                '2023-09-13T16:17:49Z',
                '2023-09-14T10:17:49+00:00',
                '2023-09-15T10:17:49+00:00'
        ),
        (
                2,
                4,
                11,
                77,
                'RAS',
                false,
                4,
                '2023-09-13T18:05:03Z',
                '2023-09-13T18:35:35Z',
                '2023-09-13T18:56:19Z',
                '2023-09-16T23:56:19+00:00',
                '2023-09-17T23:56:19+00:00'
        ),
        (
                6,
                12,
                8,
                65,
                'RAS',
                false,
                4,
                '2023-09-14T08:53:31Z',
                '2023-09-14T10:08:29Z',
                '2023-09-14T10:45:09Z',
                '2023-09-17T03:45:09+00:00',
                '2023-09-18T03:45:09+00:00'
        ),
        (
                2,
                12,
                9,
                50,
                'RAS',
                false,
                4,
                '2023-09-14T13:55:50Z',
                '2023-09-14T13:59:54Z',
                '2023-09-14T14:14:55Z',
                '2023-09-16T16:14:55+00:00',
                '2023-09-17T16:14:55+00:00'
        ),
        (
                3,
                4,
                11,
                18,
                'RAS',
                false,
                4,
                '2023-09-14T16:57:37Z',
                '2023-09-14T17:08:17Z',
                '2023-09-14T17:38:08Z',
                '2023-09-15T11:38:08+00:00',
                '2023-09-16T11:38:08+00:00'
        ),
        (
                11,
                2,
                2,
                41,
                'RAS',
                false,
                4,
                '2023-09-15T08:24:23Z',
                '2023-09-15T08:41:26Z',
                '2023-09-15T09:32:00Z',
                '2023-09-17T02:32:00+00:00',
                '2023-09-18T02:32:00+00:00'
        ),
        (
                2,
                4,
                10,
                9,
                'RAS',
                false,
                4,
                '2023-09-15T10:51:00Z',
                '2023-09-15T11:40:49Z',
                '2023-09-15T12:53:44Z',
                '2023-09-15T21:53:44+00:00',
                '2023-09-16T21:53:44+00:00'
        ),
        (
                2,
                4,
                10,
                71,
                'RAS',
                false,
                4,
                '2023-09-15T17:08:35Z',
                '2023-09-18T08:16:00Z',
                '2023-09-18T10:38:05Z',
                '2023-09-21T09:38:05+00:00',
                '2023-09-22T09:38:05+00:00'
        ),
        (
                8,
                12,
                7,
                15,
                'RAS',
                false,
                4,
                '2023-09-18T12:09:26Z',
                '2023-09-18T12:17:13Z',
                '2023-09-18T14:02:46Z',
                '2023-09-19T05:02:46+00:00',
                '2023-09-20T05:02:46+00:00'
        ),
        (
                8,
                3,
                5,
                35,
                'RAS',
                false,
                4,
                '2023-09-18T14:35:12Z',
                '2023-09-18T14:40:28Z',
                '2023-09-18T15:55:39Z',
                '2023-09-20T02:55:39+00:00',
                '2023-09-21T02:55:39+00:00'
        ),
        (
                11,
                2,
                3,
                19,
                'RAS',
                false,
                4,
                '2023-09-18T17:17:14Z',
                '2023-09-18T17:28:24Z',
                '2023-09-19T08:36:08Z',
                '2023-09-20T03:36:08+00:00',
                '2023-09-21T03:36:08+00:00'
        ),
        (
                3,
                12,
                8,
                78,
                'RAS',
                false,
                4,
                '2023-09-19T10:44:38Z',
                '2023-09-19T11:10:52Z',
                '2023-09-19T11:48:45Z',
                '2023-09-22T17:48:45+00:00',
                '2023-09-23T17:48:45+00:00'
        ),
        (
                2,
                2,
                3,
                80,
                'RAS',
                false,
                4,
                '2023-09-19T13:21:24Z',
                '2023-09-19T13:22:32Z',
                '2023-09-19T13:40:12Z',
                '2023-09-22T21:40:12+00:00',
                '2023-09-23T21:40:12+00:00'
        ),
        (
                8,
                4,
                10,
                75,
                'RAS',
                false,
                4,
                '2023-09-19T15:12:12Z',
                '2023-09-19T16:27:40Z',
                '2023-09-19T17:12:41Z',
                '2023-09-22T20:12:41+00:00',
                '2023-09-23T20:12:41+00:00'
        ),
        (
                3,
                4,
                12,
                21,
                'RAS',
                false,
                4,
                '2023-09-20T08:23:04Z',
                '2023-09-20T09:14:51Z',
                '2023-09-20T09:30:56Z',
                '2023-09-21T06:30:56+00:00',
                '2023-09-22T06:30:56+00:00'
        ),
        (
                2,
                3,
                4,
                33,
                'RAS',
                false,
                4,
                '2023-09-20T11:05:32Z',
                '2023-09-20T11:14:21Z',
                '2023-09-20T14:04:34Z',
                '2023-09-21T23:04:34+00:00',
                '2023-09-22T23:04:34+00:00'
        ),
        (
                2,
                2,
                3,
                25,
                'RAS',
                false,
                4,
                '2023-09-20T14:44:36Z',
                '2023-09-20T15:52:10Z',
                '2023-09-20T16:04:31Z',
                '2023-09-21T17:04:31+00:00',
                '2023-09-22T17:04:31+00:00'
        ),
        (
                5,
                12,
                6,
                76,
                'RAS',
                false,
                4,
                '2023-09-21T08:06:10Z',
                '2023-09-21T09:38:47Z',
                '2023-09-21T12:04:31Z',
                '2023-09-24T16:04:31+00:00',
                '2023-09-25T16:04:31+00:00'
        ),
        (
                8,
                4,
                10,
                26,
                'RAS',
                false,
                4,
                '2023-09-21T15:11:41Z',
                '2023-09-21T15:40:16Z',
                '2023-09-21T16:08:03Z',
                '2023-09-22T18:08:03+00:00',
                '2023-09-23T18:08:03+00:00'
        ),
        (
                6,
                3,
                5,
                48,
                'RAS',
                false,
                4,
                '2023-09-22T09:54:26Z',
                '2023-09-22T10:51:53Z',
                '2023-09-22T11:54:36Z',
                '2023-09-24T11:54:36+00:00',
                '2023-09-25T11:54:36+00:00'
        ),
        (
                11,
                12,
                9,
                28,
                'RAS',
                false,
                4,
                '2023-09-22T13:03:49Z',
                '2023-09-22T15:45:21Z',
                '2023-09-22T16:08:50Z',
                '2023-09-23T20:08:50+00:00',
                '2023-09-24T20:08:50+00:00'
        ),
        (
                3,
                12,
                8,
                47,
                'RAS',
                false,
                4,
                '2023-09-25T08:05:02Z',
                '2023-09-25T08:36:34Z',
                '2023-09-25T10:16:53Z',
                '2023-09-27T09:16:53+00:00',
                '2023-09-28T09:16:53+00:00'
        ),
        (
                3,
                12,
                6,
                17,
                'RAS',
                false,
                4,
                '2023-09-25T12:43:40Z',
                '2023-09-25T13:40:20Z',
                '2023-09-25T14:38:51Z',
                '2023-09-26T07:38:51+00:00',
                '2023-09-27T07:38:51+00:00'
        ),
        (
                2,
                2,
                2,
                26,
                'RAS',
                false,
                4,
                '2023-09-25T17:18:10Z',
                '2023-09-25T17:20:12Z',
                '2023-09-25T18:09:19Z',
                '2023-09-26T20:09:19+00:00',
                '2023-09-27T20:09:19+00:00'
        ),
        (
                6,
                4,
                11,
                14,
                'RAS',
                false,
                4,
                '2023-09-26T08:43:14Z',
                '2023-09-26T09:26:19Z',
                '2023-09-26T10:05:21Z',
                '2023-09-27T00:05:21+00:00',
                '2023-09-28T00:05:21+00:00'
        ),
        (
                7,
                3,
                5,
                7,
                'RAS',
                false,
                4,
                '2023-09-26T13:49:45Z',
                '2023-09-26T14:09:31Z',
                '2023-09-26T14:51:19Z',
                '2023-09-26T21:51:19+00:00',
                '2023-09-27T08:57:59Z'
        ),
        (
                3,
                3,
                5,
                49,
                'RAS',
                false,
                4,
                '2023-09-27T09:15:09Z',
                '2023-09-27T10:22:34Z',
                '2023-09-27T12:00:18Z',
                '2023-09-29T13:00:18+00:00',
                '2023-09-30T13:00:18+00:00'
        ),
        (
                2,
                2,
                1,
                31,
                'RAS',
                false,
                4,
                '2023-09-27T14:49:09Z',
                '2023-09-27T15:31:32Z',
                '2023-09-27T16:23:47Z',
                '2023-09-28T23:23:47+00:00',
                '2023-09-29T23:23:47+00:00'
        ),
        (
                3,
                4,
                10,
                8,
                'RAS',
                false,
                4,
                '2023-09-28T10:13:30Z',
                '2023-09-28T10:23:39Z',
                '2023-09-28T10:26:23Z',
                '2023-09-28T18:26:23+00:00',
                '2023-09-29T18:26:23+00:00'
        ),
        (
                7,
                3,
                4,
                24,
                'RAS',
                false,
                4,
                '2023-09-28T11:41:28Z',
                '2023-09-28T12:15:08Z',
                '2023-09-28T13:32:22Z',
                '2023-09-29T13:32:22+00:00',
                '2023-09-30T13:32:22+00:00'
        ),
        (
                6,
                12,
                9,
                6,
                'RAS',
                false,
                4,
                '2023-09-28T14:19:28Z',
                '2023-09-28T14:41:22Z',
                '2023-09-28T16:56:04Z',
                '2023-09-28T22:56:04+00:00',
                '2023-09-29T22:56:04+00:00'
        ),
        (
                11,
                2,
                1,
                32,
                'RAS',
                false,
                4,
                '2023-09-28T17:39:48Z',
                '2023-09-28T18:21:40Z',
                '2023-09-29T09:03:43Z',
                '2023-09-30T17:03:43+00:00',
                '2023-10-01T17:03:43+00:00'
        ),
        (
                3,
                4,
                11,
                4,
                'RAS',
                false,
                4,
                '2023-09-29T10:24:51Z',
                '2023-09-29T11:06:35Z',
                '2023-09-29T12:33:54Z',
                '2023-09-29T16:33:54+00:00',
                '2023-09-30T16:33:54+00:00'
        ),
        (
                6,
                4,
                10,
                80,
                'RAS',
                false,
                4,
                '2023-09-29T16:38:44Z',
                '2023-09-29T16:45:08Z',
                '2023-09-29T16:56:30Z',
                '2023-10-03T00:56:30+00:00',
                '2023-10-04T00:56:30+00:00'
        ),
        (
                3,
                2,
                2,
                13,
                'RAS',
                false,
                4,
                '2023-10-02T09:51:30Z',
                '2023-10-02T11:19:10Z',
                '2023-10-02T11:40:11Z',
                '2023-10-03T00:40:11+00:00',
                '2023-10-04T00:40:11+00:00'
        ),
        (
                2,
                4,
                11,
                38,
                'RAS',
                false,
                4,
                '2023-10-02T14:58:24Z',
                '2023-10-02T15:06:17Z',
                '2023-10-02T15:36:34Z',
                '2023-10-04T05:36:34+00:00',
                '2023-10-05T05:36:34+00:00'
        ),
        (
                7,
                4,
                11,
                74,
                'RAS',
                false,
                4,
                '2023-10-03T09:09:34Z',
                '2023-10-03T09:57:12Z',
                '2023-10-03T11:07:03Z',
                '2023-10-06T13:07:03+00:00',
                '2023-10-07T13:07:03+00:00'
        ),
        (
                6,
                12,
                6,
                22,
                'RAS',
                false,
                4,
                '2023-10-03T12:01:07Z',
                '2023-10-03T12:47:55Z',
                '2023-10-03T13:19:43Z',
                '2023-10-04T11:19:43+00:00',
                '2023-10-05T11:19:43+00:00'
        ),
        (
                11,
                4,
                12,
                41,
                'RAS',
                false,
                4,
                '2023-10-03T16:55:23Z',
                '2023-10-03T17:51:21Z',
                '2023-10-03T18:46:12Z',
                '2023-10-05T11:46:12+00:00',
                '2023-10-06T11:46:12+00:00'
        ),
        (
                3,
                2,
                2,
                45,
                'RAS',
                false,
                4,
                '2023-10-04T08:50:12Z',
                '2023-10-04T09:04:33Z',
                '2023-10-04T09:39:45Z',
                '2023-10-06T06:39:45+00:00',
                '2023-10-07T06:39:45+00:00'
        ),
        (
                7,
                3,
                4,
                52,
                'RAS',
                false,
                4,
                '2023-10-04T11:12:02Z',
                '2023-10-04T11:31:50Z',
                '2023-10-04T11:41:02Z',
                '2023-10-06T15:41:02+00:00',
                '2023-10-07T15:41:02+00:00'
        ),
        (
                6,
                4,
                11,
                58,
                'RAS',
                false,
                4,
                '2023-10-04T13:50:28Z',
                '2023-10-04T13:53:35Z',
                '2023-10-04T14:07:17Z',
                '2023-10-07T00:07:17+00:00',
                '2023-10-08T00:07:17+00:00'
        ),
        (
                6,
                12,
                6,
                71,
                'RAS',
                false,
                4,
                '2023-10-04T15:24:08Z',
                '2023-10-04T16:18:43Z',
                '2023-10-04T17:05:25Z',
                '2023-10-07T16:05:25+00:00',
                '2023-10-08T16:05:25+00:00'
        ),
        (
                6,
                4,
                11,
                45,
                'RAS',
                false,
                4,
                '2023-10-05T08:01:30Z',
                '2023-10-05T08:10:55Z',
                '2023-10-05T08:41:03Z',
                '2023-10-07T05:41:03+00:00',
                '2023-10-08T05:41:03+00:00'
        ),
        (
                8,
                4,
                12,
                56,
                'RAS',
                false,
                4,
                '2023-10-05T10:19:35Z',
                '2023-10-05T10:46:09Z',
                '2023-10-05T11:18:35Z',
                '2023-10-07T19:18:35+00:00',
                '2023-10-08T19:18:35+00:00'
        ),
        (
                3,
                2,
                1,
                21,
                'RAS',
                false,
                4,
                '2023-10-05T11:55:56Z',
                '2023-10-05T12:48:52Z',
                '2023-10-05T12:48:53Z',
                '2023-10-06T09:48:53+00:00',
                '2023-10-07T09:48:53+00:00'
        ),
        (
                3,
                12,
                7,
                37,
                'RAS',
                false,
                4,
                '2023-10-05T15:30:44Z',
                '2023-10-05T16:19:41Z',
                '2023-10-05T16:24:58Z',
                '2023-10-07T05:24:58+00:00',
                '2023-10-08T05:24:58+00:00'
        ),
        (
                2,
                12,
                6,
                62,
                'RAS',
                false,
                4,
                '2023-10-06T09:03:19Z',
                '2023-10-06T09:48:02Z',
                '2023-10-06T10:12:01Z',
                '2023-10-09T00:12:01+00:00',
                '2023-10-10T00:12:01+00:00'
        ),
        (
                3,
                4,
                12,
                11,
                'RAS',
                false,
                4,
                '2023-10-06T13:29:36Z',
                '2023-10-06T13:48:06Z',
                '2023-10-06T13:51:13Z',
                '2023-10-07T00:51:13+00:00',
                '2023-10-08T00:51:13+00:00'
        ),
        (
                8,
                4,
                10,
                61,
                'RAS',
                false,
                4,
                '2023-10-06T15:50:31Z',
                '2023-10-06T15:50:41Z',
                '2023-10-06T16:06:01Z',
                '2023-10-09T05:06:01+00:00',
                '2023-10-10T05:06:01+00:00'
        ),
        (
                2,
                12,
                8,
                28,
                'RAS',
                false,
                4,
                '2023-10-06T17:09:48Z',
                '2023-10-06T17:17:53Z',
                '2023-10-06T17:40:09Z',
                '2023-10-09T08:00:45Z',
                '2023-10-09T08:14:22Z'
        ),
        (
                6,
                12,
                9,
                64,
                'RAS',
                false,
                4,
                '2023-10-09T08:24:49Z',
                '2023-10-09T09:10:10Z',
                '2023-10-09T09:19:06Z',
                '2023-10-12T01:19:06+00:00',
                '2023-10-13T01:19:06+00:00'
        ),
        (
                6,
                2,
                1,
                19,
                'RAS',
                false,
                4,
                '2023-10-09T11:52:27Z',
                '2023-10-09T12:43:38Z',
                '2023-10-09T13:22:15Z',
                '2023-10-10T08:22:15+00:00',
                '2023-10-11T08:22:15+00:00'
        ),
        (
                2,
                4,
                11,
                27,
                'RAS',
                false,
                4,
                '2023-10-09T17:24:45Z',
                '2023-10-09T18:02:11Z',
                '2023-10-10T09:56:25Z',
                '2023-10-11T12:56:25+00:00',
                '2023-10-12T12:56:25+00:00'
        ),
        (
                3,
                2,
                1,
                72,
                'RAS',
                false,
                4,
                '2023-10-10T11:25:05Z',
                '2023-10-10T13:29:06Z',
                '2023-10-10T13:30:03Z',
                '2023-10-13T13:30:03+00:00',
                '2023-10-14T13:30:03+00:00'
        ),
        (
                8,
                2,
                1,
                4,
                'RAS',
                false,
                4,
                '2023-10-10T16:53:29Z',
                '2023-10-10T17:02:23Z',
                '2023-10-10T17:55:26Z',
                '2023-10-10T21:55:26+00:00',
                '2023-10-11T21:55:26+00:00'
        ),
        (
                5,
                2,
                3,
                65,
                'RAS',
                false,
                4,
                '2023-10-10T18:48:48Z',
                '2023-10-11T08:36:36Z',
                '2023-10-11T09:04:09Z',
                '2023-10-14T02:04:09+00:00',
                '2023-10-15T02:04:09+00:00'
        ),
        (
                3,
                2,
                2,
                71,
                'RAS',
                false,
                4,
                '2023-10-11T09:47:28Z',
                '2023-10-11T11:13:37Z',
                '2023-10-11T11:25:20Z',
                '2023-10-14T10:25:20+00:00',
                '2023-10-15T10:25:20+00:00'
        ),
        (
                6,
                4,
                10,
                32,
                'RAS',
                false,
                4,
                '2023-10-11T12:54:00Z',
                '2023-10-11T13:09:06Z',
                '2023-10-11T13:14:29Z',
                '2023-10-12T21:14:29+00:00',
                '2023-10-13T21:14:29+00:00'
        ),
        (
                8,
                3,
                4,
                60,
                'RAS',
                false,
                4,
                '2023-10-11T14:52:27Z',
                '2023-10-11T15:23:42Z',
                '2023-10-11T17:19:22Z',
                '2023-10-14T05:19:22+00:00',
                '2023-10-15T05:19:22+00:00'
        ),
        (
                8,
                3,
                4,
                77,
                'RAS',
                false,
                4,
                '2023-10-11T18:35:21Z',
                '2023-10-11T18:44:27Z',
                '2023-10-12T08:07:06Z',
                '2023-10-15T13:07:06+00:00',
                '2023-10-16T13:07:06+00:00'
        ),
        (
                3,
                2,
                1,
                12,
                'RAS',
                false,
                4,
                '2023-10-12T09:35:11Z',
                '2023-10-12T09:59:20Z',
                '2023-10-12T10:04:36Z',
                '2023-10-12T22:04:36+00:00',
                '2023-10-13T22:04:36+00:00'
        ),
        (
                8,
                4,
                12,
                26,
                'RAS',
                false,
                4,
                '2023-10-12T12:12:12Z',
                '2023-10-12T13:02:04Z',
                '2023-10-12T13:21:29Z',
                '2023-10-13T15:21:29+00:00',
                '2023-10-14T15:21:29+00:00'
        ),
        (
                11,
                3,
                4,
                7,
                'RAS',
                false,
                4,
                '2023-10-12T16:02:12Z',
                '2023-10-12T16:02:13Z',
                '2023-10-12T16:03:53Z',
                '2023-10-12T23:03:53+00:00',
                '2023-10-13T23:03:53+00:00'
        ),
        (
                5,
                3,
                5,
                49,
                'RAS',
                false,
                4,
                '2023-10-12T18:44:38Z',
                '2023-10-13T09:57:48Z',
                '2023-10-13T10:40:25Z',
                '2023-10-15T11:40:25+00:00',
                '2023-10-16T11:40:25+00:00'
        ),
        (
                7,
                4,
                12,
                31,
                'RAS',
                false,
                4,
                '2023-10-13T13:39:41Z',
                '2023-10-13T14:52:11Z',
                '2023-10-13T15:18:05Z',
                '2023-10-14T22:18:05+00:00',
                '2023-10-15T22:18:05+00:00'
        ),
        (
                7,
                4,
                12,
                80,
                'RAS',
                false,
                4,
                '2023-10-13T17:02:01Z',
                '2023-10-13T17:21:01Z',
                '2023-10-13T18:13:50Z',
                '2023-10-17T02:13:50+00:00',
                '2023-10-18T02:13:50+00:00'
        ),
        (
                7,
                4,
                11,
                80,
                'RAS',
                false,
                4,
                '2023-10-16T08:10:28Z',
                '2023-10-16T08:49:11Z',
                '2023-10-16T09:18:13Z',
                '2023-10-19T17:18:13+00:00',
                '2023-10-20T17:18:13+00:00'
        ),
        (
                8,
                2,
                3,
                27,
                'RAS',
                false,
                4,
                '2023-10-16T10:37:21Z',
                '2023-10-16T10:50:59Z',
                '2023-10-16T10:56:00Z',
                '2023-10-17T13:56:00+00:00',
                '2023-10-18T13:56:00+00:00'
        ),
        (
                11,
                12,
                7,
                39,
                'RAS',
                false,
                4,
                '2023-10-16T13:24:16Z',
                '2023-10-16T14:02:53Z',
                '2023-10-16T14:12:09Z',
                '2023-10-18T05:12:09+00:00',
                '2023-10-19T05:12:09+00:00'
        ),
        (
                3,
                2,
                2,
                43,
                'RAS',
                false,
                4,
                '2023-10-16T16:17:54Z',
                '2023-10-16T16:36:49Z',
                '2023-10-16T17:06:36Z',
                '2023-10-18T12:06:36+00:00',
                '2023-10-19T12:06:36+00:00'
        ),
        (
                7,
                3,
                4,
                63,
                'RAS',
                false,
                4,
                '2023-10-17T08:51:38Z',
                '2023-10-17T08:56:14Z',
                '2023-10-17T09:44:27Z',
                '2023-10-20T00:44:27+00:00',
                '2023-10-21T00:44:27+00:00'
        ),
        (
                5,
                12,
                8,
                58,
                'RAS',
                false,
                4,
                '2023-10-17T13:01:54Z',
                '2023-10-17T13:21:33Z',
                '2023-10-17T13:38:22Z',
                '2023-10-19T23:38:22+00:00',
                '2023-10-20T23:38:22+00:00'
        ),
        (
                3,
                4,
                11,
                19,
                'RAS',
                false,
                4,
                '2023-10-17T16:49:49Z',
                '2023-10-17T18:23:07Z',
                '2023-10-17T18:41:52Z',
                '2023-10-18T13:41:52+00:00',
                '2023-10-19T13:41:52+00:00'
        ),
        (
                8,
                12,
                6,
                11,
                'RAS',
                false,
                4,
                '2023-10-18T09:15:22Z',
                '2023-10-18T09:52:10Z',
                '2023-10-18T10:08:04Z',
                '2023-10-18T21:08:04+00:00',
                '2023-10-19T21:08:04+00:00'
        ),
        (
                2,
                3,
                4,
                72,
                'RAS',
                false,
                4,
                '2023-10-18T12:26:03Z',
                '2023-10-18T14:11:12Z',
                '2023-10-18T17:55:25Z',
                '2023-10-21T17:55:25+00:00',
                '2023-10-22T17:55:25+00:00'
        ),
        (
                5,
                12,
                8,
                5,
                'RAS',
                false,
                4,
                '2023-10-19T09:36:22Z',
                '2023-10-19T10:16:57Z',
                '2023-10-19T10:23:49Z',
                '2023-10-19T15:23:49+00:00',
                '2023-10-20T15:23:49+00:00'
        ),
        (
                8,
                2,
                3,
                56,
                'RAS',
                false,
                4,
                '2023-10-19T12:17:58Z',
                '2023-10-19T12:24:53Z',
                '2023-10-19T12:38:26Z',
                '2023-10-21T20:38:26+00:00',
                '2023-10-22T20:38:26+00:00'
        ),
        (
                7,
                3,
                5,
                54,
                'RAS',
                false,
                4,
                '2023-10-19T12:58:52Z',
                '2023-10-19T13:21:29Z',
                '2023-10-19T14:12:37Z',
                '2023-10-21T20:12:37+00:00',
                '2023-10-22T20:12:37+00:00'
        ),
        (
                8,
                12,
                8,
                72,
                'RAS',
                false,
                4,
                '2023-10-19T15:23:52Z',
                '2023-10-19T16:21:36Z',
                '2023-10-19T16:23:20Z',
                '2023-10-22T16:23:20+00:00',
                '2023-10-23T16:23:20+00:00'
        ),
        (
                8,
                2,
                2,
                62,
                'RAS',
                false,
                4,
                '2023-10-19T18:07:23Z',
                '2023-10-19T18:16:29Z',
                '2023-10-19T18:52:59Z',
                '2023-10-22T08:52:59+00:00',
                '2023-10-23T08:52:59+00:00'
        ),
        (
                8,
                12,
                6,
                20,
                'RAS',
                false,
                4,
                '2023-10-20T11:37:10Z',
                '2023-10-20T11:37:12Z',
                '2023-10-20T11:47:14Z',
                '2023-10-21T07:47:14+00:00',
                '2023-10-22T07:47:14+00:00'
        ),
        (
                7,
                4,
                10,
                27,
                'RAS',
                false,
                4,
                '2023-10-20T14:20:23Z',
                '2023-10-20T15:04:58Z',
                '2023-10-20T15:35:34Z',
                '2023-10-21T18:35:34+00:00',
                '2023-10-22T18:35:34+00:00'
        ),
        (
                6,
                4,
                12,
                38,
                'RAS',
                false,
                4,
                '2023-10-20T17:29:06Z',
                '2023-10-20T18:24:56Z',
                '2023-10-20T18:45:25Z',
                '2023-10-23T08:31:43Z',
                '2023-10-23T10:35:33Z'
        ),
        (
                8,
                12,
                6,
                69,
                'RAS',
                false,
                4,
                '2023-10-23T11:03:30Z',
                '2023-10-23T11:39:25Z',
                '2023-10-23T14:02:23Z',
                '2023-10-26T11:02:23+00:00',
                '2023-10-27T11:02:23+00:00'
        ),
        (
                8,
                2,
                2,
                77,
                'RAS',
                false,
                4,
                '2023-10-23T14:30:28Z',
                '2023-10-23T14:50:12Z',
                '2023-10-23T15:37:34Z',
                '2023-10-26T20:37:34+00:00',
                '2023-10-27T20:37:34+00:00'
        ),
        (
                8,
                2,
                3,
                49,
                'RAS',
                false,
                4,
                '2023-10-23T16:33:45Z',
                '2023-10-23T16:39:59Z',
                '2023-10-23T17:49:34Z',
                '2023-10-25T18:49:34+00:00',
                '2023-10-26T18:49:34+00:00'
        ),
        (
                7,
                3,
                4,
                24,
                'RAS',
                false,
                4,
                '2023-10-24T09:40:18Z',
                '2023-10-24T11:24:01Z',
                '2023-10-24T11:40:34Z',
                '2023-10-25T11:40:34+00:00',
                '2023-10-26T11:40:34+00:00'
        ),
        (
                7,
                2,
                3,
                27,
                'RAS',
                false,
                4,
                '2023-10-24T11:59:11Z',
                '2023-10-24T12:06:55Z',
                '2023-10-24T14:31:48Z',
                '2023-10-25T17:31:48+00:00',
                '2023-10-26T17:31:48+00:00'
        ),
        (
                3,
                12,
                8,
                43,
                'RAS',
                false,
                4,
                '2023-10-24T16:40:21Z',
                '2023-10-24T17:29:46Z',
                '2023-10-24T18:09:58Z',
                '2023-10-26T13:09:58+00:00',
                '2023-10-27T13:09:58+00:00'
        ),
        (
                11,
                2,
                2,
                79,
                'RAS',
                false,
                4,
                '2023-10-24T18:58:26Z',
                '2023-10-25T08:43:29Z',
                '2023-10-25T09:27:03Z',
                '2023-10-28T16:27:03+00:00',
                '2023-10-29T16:27:03+00:00'
        ),
        (
                2,
                2,
                1,
                55,
                'RAS',
                false,
                4,
                '2023-10-25T11:47:14Z',
                '2023-10-25T12:54:26Z',
                '2023-10-25T13:55:48Z',
                '2023-10-27T20:55:48+00:00',
                '2023-10-28T20:55:48+00:00'
        ),
        (
                8,
                12,
                7,
                19,
                'RAS',
                false,
                4,
                '2023-10-25T15:22:43Z',
                '2023-10-25T15:34:28Z',
                '2023-10-25T16:12:32Z',
                '2023-10-26T11:12:32+00:00',
                '2023-10-27T11:12:32+00:00'
        ),
        (
                5,
                12,
                6,
                42,
                'RAS',
                false,
                4,
                '2023-10-25T17:56:53Z',
                '2023-10-26T09:03:53Z',
                '2023-10-26T10:23:51Z',
                '2023-10-28T04:23:51+00:00',
                '2023-10-29T04:23:51+00:00'
        ),
        (
                2,
                4,
                12,
                40,
                'RAS',
                false,
                4,
                '2023-10-26T12:49:58Z',
                '2023-10-26T14:00:20Z',
                '2023-10-26T14:14:50Z',
                '2023-10-28T06:14:50+00:00',
                '2023-10-29T06:14:50+00:00'
        ),
        (
                2,
                4,
                12,
                16,
                'RAS',
                false,
                4,
                '2023-10-26T15:40:29Z',
                '2023-10-26T15:51:21Z',
                '2023-10-26T17:22:25Z',
                '2023-10-27T09:22:25+00:00',
                '2023-10-28T09:22:25+00:00'
        ),
        (
                7,
                2,
                1,
                16,
                'RAS',
                false,
                4,
                '2023-10-27T09:30:10Z',
                '2023-10-27T11:30:12Z',
                '2023-10-27T11:45:51Z',
                '2023-10-28T03:45:51+00:00',
                '2023-10-29T03:45:51+00:00'
        ),
        (
                3,
                12,
                7,
                68,
                'RAS',
                false,
                4,
                '2023-10-27T14:28:07Z',
                '2023-10-27T14:45:50Z',
                '2023-10-27T15:58:38Z',
                '2023-10-30T11:58:38+00:00',
                '2023-10-31T11:58:38+00:00'
        ),
        (
                5,
                4,
                12,
                74,
                'RAS',
                false,
                4,
                '2023-10-27T18:28:17Z',
                '2023-10-30T08:18:09Z',
                '2023-10-30T08:43:21Z',
                '2023-11-02T10:43:21+00:00',
                '2023-11-03T10:43:21+00:00'
        ),
        (
                3,
                4,
                10,
                43,
                'RAS',
                false,
                4,
                '2023-10-30T14:01:16Z',
                '2023-10-30T14:03:39Z',
                '2023-10-30T14:38:04Z',
                '2023-11-01T09:38:04+00:00',
                '2023-11-02T09:38:04+00:00'
        ),
        (
                3,
                2,
                3,
                48,
                'RAS',
                false,
                4,
                '2023-10-30T15:32:25Z',
                '2023-10-30T16:34:51Z',
                '2023-10-30T16:44:24Z',
                '2023-11-01T16:44:24+00:00',
                '2023-11-02T16:44:24+00:00'
        ),
        (
                5,
                4,
                12,
                5,
                'RAS',
                false,
                4,
                '2023-10-30T18:52:13Z',
                '2023-10-31T08:12:15Z',
                '2023-10-31T08:22:43Z',
                '2023-10-31T13:22:43+00:00',
                '2023-11-01T13:22:43+00:00'
        ),
        (
                8,
                4,
                11,
                79,
                'RAS',
                false,
                4,
                '2023-10-31T09:24:25Z',
                '2023-10-31T09:55:07Z',
                '2023-10-31T10:24:51Z',
                '2023-11-03T17:24:51+00:00',
                '2023-11-04T17:24:51+00:00'
        ),
        (
                2,
                12,
                7,
                52,
                'RAS',
                false,
                4,
                '2023-10-31T13:22:28Z',
                '2023-10-31T13:57:37Z',
                '2023-10-31T14:33:00Z',
                '2023-11-02T18:33:00+00:00',
                '2023-11-03T18:33:00+00:00'
        ),
        (
                11,
                2,
                3,
                56,
                'RAS',
                false,
                4,
                '2023-10-31T16:29:30Z',
                '2023-10-31T16:38:10Z',
                '2023-10-31T17:33:20Z',
                '2023-11-03T01:33:20+00:00',
                '2023-11-04T01:33:20+00:00'
        ),
        (
                8,
                4,
                10,
                42,
                'RAS',
                false,
                4,
                '2023-10-31T18:42:42Z',
                '2023-10-31T18:52:59Z',
                '2023-11-01T09:50:16Z',
                '2023-11-03T03:50:16+00:00',
                '2023-11-04T03:50:16+00:00'
        ),
        (
                2,
                12,
                7,
                21,
                'RAS',
                false,
                4,
                '2023-11-01T13:52:16Z',
                '2023-11-01T14:25:29Z',
                '2023-11-01T14:44:59Z',
                '2023-11-02T11:44:59+00:00',
                '2023-11-03T11:44:59+00:00'
        ),
        (
                3,
                12,
                6,
                66,
                'RAS',
                false,
                4,
                '2023-11-01T17:09:46Z',
                '2023-11-02T08:54:13Z',
                '2023-11-02T09:21:46Z',
                '2023-11-05T03:21:46+00:00',
                '2023-11-06T03:21:46+00:00'
        ),
        (
                3,
                2,
                1,
                59,
                'RAS',
                false,
                4,
                '2023-11-02T12:55:09Z',
                '2023-11-02T13:08:01Z',
                '2023-11-02T13:13:55Z',
                '2023-11-05T00:13:55+00:00',
                '2023-11-06T00:13:55+00:00'
        ),
        (
                11,
                2,
                3,
                13,
                'RAS',
                false,
                4,
                '2023-11-02T15:27:47Z',
                '2023-11-02T16:33:14Z',
                '2023-11-02T17:33:46Z',
                '2023-11-03T08:04:51Z',
                '2023-11-03T08:25:04Z'
        ),
        (
                8,
                4,
                10,
                26,
                'RAS',
                false,
                4,
                '2023-11-03T09:25:06Z',
                '2023-11-03T09:58:24Z',
                '2023-11-03T10:33:12Z',
                '2023-11-04T12:33:12+00:00',
                '2023-11-05T12:33:12+00:00'
        ),
        (
                8,
                4,
                12,
                34,
                'RAS',
                false,
                4,
                '2023-11-03T12:11:29Z',
                '2023-11-03T12:17:00Z',
                '2023-11-03T12:17:38Z',
                '2023-11-04T22:17:38+00:00',
                '2023-11-05T22:17:38+00:00'
        ),
        (
                3,
                4,
                12,
                56,
                'RAS',
                false,
                4,
                '2023-11-03T14:26:09Z',
                '2023-11-03T15:05:10Z',
                '2023-11-03T16:04:27Z',
                '2023-11-06T00:04:27+00:00',
                '2023-11-07T00:04:27+00:00'
        ),
        (
                11,
                12,
                9,
                74,
                'RAS',
                false,
                4,
                '2023-11-03T17:15:44Z',
                '2023-11-06T08:05:16Z',
                '2023-11-06T08:44:20Z',
                '2023-11-09T10:44:20+00:00',
                '2023-11-10T10:44:20+00:00'
        ),
        (
                2,
                2,
                3,
                75,
                'RAS',
                false,
                4,
                '2023-11-06T10:05:47Z',
                '2023-11-06T10:16:50Z',
                '2023-11-06T10:50:51Z',
                '2023-11-09T13:50:51+00:00',
                '2023-11-10T13:50:51+00:00'
        ),
        (
                2,
                12,
                9,
                46,
                'RAS',
                false,
                4,
                '2023-11-06T12:15:32Z',
                '2023-11-06T12:27:43Z',
                '2023-11-06T13:10:31Z',
                '2023-11-08T11:10:31+00:00',
                '2023-11-09T11:10:31+00:00'
        ),
        (
                7,
                12,
                8,
                17,
                'RAS',
                false,
                4,
                '2023-11-06T15:28:34Z',
                '2023-11-06T16:29:13Z',
                '2023-11-06T16:30:08Z',
                '2023-11-07T09:30:08+00:00',
                '2023-11-08T09:30:08+00:00'
        ),
        (
                11,
                4,
                10,
                53,
                'RAS',
                false,
                4,
                '2023-11-06T17:45:42Z',
                '2023-11-06T18:52:34Z',
                '2023-11-07T08:02:22Z',
                '2023-11-09T13:02:22+00:00',
                '2023-11-10T13:02:22+00:00'
        ),
        (
                8,
                3,
                4,
                49,
                'RAS',
                false,
                4,
                '2023-11-07T08:31:20Z',
                '2023-11-07T08:41:05Z',
                '2023-11-07T08:43:00Z',
                '2023-11-09T09:43:00+00:00',
                '2023-11-10T09:43:00+00:00'
        ),
        (
                5,
                12,
                7,
                56,
                'RAS',
                false,
                4,
                '2023-11-07T10:06:43Z',
                '2023-11-07T11:23:14Z',
                '2023-11-07T12:35:10Z',
                '2023-11-09T20:35:10+00:00',
                '2023-11-10T20:35:10+00:00'
        ),
        (
                2,
                12,
                8,
                52,
                'RAS',
                false,
                4,
                '2023-11-07T13:33:58Z',
                '2023-11-07T14:27:59Z',
                '2023-11-07T16:46:35Z',
                '2023-11-09T20:46:35+00:00',
                '2023-11-10T20:46:35+00:00'
        ),
        (
                11,
                3,
                4,
                49,
                'RAS',
                false,
                4,
                '2023-11-07T18:07:07Z',
                '2023-11-08T09:38:17Z',
                '2023-11-08T10:14:46Z',
                '2023-11-10T11:14:46+00:00',
                '2023-11-11T11:14:46+00:00'
        ),
        (
                8,
                12,
                6,
                33,
                'RAS',
                false,
                4,
                '2023-11-08T10:32:17Z',
                '2023-11-08T11:25:27Z',
                '2023-11-08T12:43:11Z',
                '2023-11-09T21:43:11+00:00',
                '2023-11-10T21:43:11+00:00'
        ),
        (
                11,
                2,
                1,
                74,
                'RAS',
                false,
                3,
                '2023-11-08T15:00:55Z',
                '2023-11-08T15:05:55Z',
                '2023-11-08T15:17:08Z',
                '2023-11-11T17:17:08+00:00',
                null
        ),
        (
                11,
                2,
                2,
                22,
                'RAS',
                false,
                2,
                '2023-11-08T16:13:57Z',
                '2023-11-08T16:45:55Z',
                '2023-11-08T16:55:03Z',
                null,
                null
        ),
        (
                11,
                2,
                3,
                20,
                'RAS',
                false,
                2,
                '2023-11-08T16:56:50Z',
                '2023-11-08T18:23:01Z',
                '2023-11-08T18:30:56Z',
                null,
                null
        ),
        (
                6,
                3,
                4,
                70,
                'RAS',
                false,
                4,
                '2023-11-09T08:33:08Z',
                '2023-11-09T09:20:05Z',
                '2023-11-09T10:11:49Z',
                '2023-11-12T08:11:49+00:00',
                '2023-11-13T08:11:49+00:00'
        ),
        (
                null,
                3,
                5,
                0,
                'RAS',
                false,
                0,
                '2023-11-09T12:53:00Z',
                null,
                null,
                null,
                null
        ),
        (
                null,
                12,
                6,
                0,
                'RAS',
                false,
                1,
                '2023-11-09T12:59:21Z',
                '2023-11-09T13:53:06Z',
                null,
                null,
                null
        ),
        (
                3,
                12,
                7,
                51,
                'RAS',
                false,
                3,
                '2023-11-09T14:21:51Z',
                '2023-11-09T14:32:37Z',
                '2023-11-09T14:38:54Z',
                '2023-11-11T17:38:54+00:00',
                null
        ),
        (
                8,
                12,
                8,
                11,
                'RAS',
                false,
                3,
                '2023-11-09T15:20:29Z',
                '2023-11-09T15:38:34Z',
                '2023-11-09T16:48:07Z',
                '2023-11-10T03:48:07+00:00',
                null
        ),
        (
                null,
                12,
                9,
                0,
                'RAS',
                false,
                1,
                '2023-11-09T18:05:34Z',
                '2023-11-10T09:38:06Z',
                null,
                null,
                null
        ),
        (
                null,
                4,
                10,
                0,
                'RAS',
                false,
                0,
                '2023-11-10T10:42:01Z',
                null,
                null,
                null,
                null
        ),
        (
                7,
                4,
                11,
                69,
                'RAS',
                false,
                4,
                '2023-11-10T10:53:43Z',
                '2023-11-10T12:37:59Z',
                '2023-11-10T13:24:54Z',
                '2023-11-13T10:24:54+00:00',
                '2023-11-14T10:24:54+00:00'
        ),
        (
                3,
                4,
                12,
                63,
                'RAS',
                false,
                2,
                '2023-11-10T16:47:03Z',
                '2023-11-10T17:21:47Z',
                '2023-11-10T17:42:32Z',
                null,
                null
        );
INSERT INTO car_part (
                service_id,
                supplier,
                supplier_ref,
                name,
                description,
                buy_price,
                sell_price
        )
VALUES (
                NULL,
                'Motorex',
                'TS-X SAE 5W-30',
                'Concept TS-X SAE 5W-30',
                'Motor Oil - 1L',
                19.95,
                29.95
        ),
        (
                NULL,
                'Motorex',
                'TS-X SAE 5W-30',
                'Concept TS-X SAE 5W-30',
                'Motor Oil - 1L',
                19.95,
                29.95
        ),
        (
                NULL,
                'Motorex',
                'TS-X SAE 5W-30',
                'Concept TS-X SAE 5W-30',
                'Motor Oil - 1L',
                19.95,
                29.95
        ),
        (
                NULL,
                'Motorex',
                'TS-X SAE 5W-30',
                'Concept TS-X SAE 5W-30',
                'Motor Oil - 1L',
                19.95,
                29.95
        ),
        (
                NULL,
                'Motorex',
                'TS-X SAE 5W-30',
                'Concept TS-X SAE 5W-30',
                'Motor Oil - 1L',
                19.95,
                29.95
        ),
        (
                NULL,
                'Motorex',
                'TS-X SAE 5W-30',
                'Concept TS-X SAE 5W-30',
                'Motor Oil - 1L',
                19.95,
                29.95
        ),
        (
                NULL,
                'Motorex',
                'TS-X SAE 5W-30',
                'Concept TS-X SAE 5W-30',
                'Motor Oil - 1L',
                19.95,
                29.95
        ),
        (
                NULL,
                'Motorex',
                'TS-X SAE 5W-30',
                'Concept TS-X SAE 5W-30',
                'Motor Oil - 1L',
                19.95,
                29.95
        ),
        (
                NULL,
                'Motorex',
                'TS-X SAE 5W-30',
                'Concept TS-X SAE 5W-30',
                'Motor Oil - 1L',
                19.95,
                29.95
        ),
        (
                NULL,
                'Motorex',
                'TS-X SAE 5W-30',
                'Concept TS-X SAE 5W-30',
                'Motor Oil - 1L',
                19.95,
                29.95
        ),
        (
                NULL,
                'Motorex',
                'TS-X SAE 5W-30',
                'Concept TS-X SAE 5W-30',
                'Motor Oil - 1L',
                19.95,
                29.95
        ),
        (
                NULL,
                'Motorex',
                'TS-X SAE 5W-30',
                'Concept TS-X SAE 5W-30',
                'Motor Oil - 1L',
                19.95,
                29.95
        ),
        (
                NULL,
                'Motorex',
                'TS-X SAE 5W-30',
                'Concept TS-X SAE 5W-30',
                'Motor Oil - 1L',
                19.95,
                29.95
        ),
        (
                NULL,
                'Motorex',
                'TS-X SAE 5W-30',
                'Concept TS-X SAE 5W-30',
                'Motor Oil - 1L',
                19.95,
                29.95
        ),
        (
                NULL,
                'Motorex',
                'TS-X SAE 5W-30',
                'Concept TS-X SAE 5W-30',
                'Motor Oil - 1L',
                19.95,
                29.95
        ),
        (
                NULL,
                'Motorex',
                'TS-X SAE 5W-30',
                'Concept TS-X SAE 5W-30',
                'Motor Oil - 1L',
                19.95,
                29.95
        ),
        (
                NULL,
                'Motorex',
                'TS-X SAE 5W-30',
                'Concept TS-X SAE 5W-30',
                'Motor Oil - 1L',
                19.95,
                29.95
        ),
        (
                NULL,
                'Motorex',
                'TS-X SAE 5W-30',
                'Concept TS-X SAE 5W-30',
                'Motor Oil - 1L',
                19.95,
                29.95
        );